barangay,district,Indicator,Total,In Flood Zone,% under flood risk
Alicia,DISTRICT 1,Total Population,6424,1823,28.38
Amihan,DISTRICT 3,Total Population,3679,1146,31.15
Apolonio Samson,DISTRICT 6,Total Population,35354,15404,43.57
Baesa,DISTRICT 6,Total Population,58298,18775,32.21
Bagbag,DISTRICT 5,Total Population,67874,12754,18.79
Bagong Lipunan ng Crame,DISTRICT 4,Total Population,14351,2180,15.19
Bagong Pag-asa,DISTRICT 1,Total Population,30742,7586,24.68
Bagong Silangan,DISTRICT 2,Total Population,112282,21588,19.23
Bagumbayan,DISTRICT 3,Total Population,23306,13197,56.62
Bagumbuhay,DISTRICT 3,Total Population,6652,1759,26.44
Bahay Toro,DISTRICT 1,Total Population,62660,21719,34.66
Balingasa,DISTRICT 1,Total Population,20230,5116,25.29
Balong-bato,DISTRICT 6,Total Population,7362,939,12.75
Batasan Hills,DISTRICT 2,Total Population,175120,30790,17.58
Bayanihan,DISTRICT 3,Total Population,648,0,0.0
Blue Ridge A,DISTRICT 3,Total Population,1621,99,6.11
Blue Ridge B,DISTRICT 3,Total Population,1124,173,15.39
Botocan,DISTRICT 4,Total Population,6945,2484,35.77
Bungad,DISTRICT 1,Total Population,7397,1425,19.26
Camp Aguinaldo,DISTRICT 3,Total Population,3438,235,6.84
Capri,DISTRICT 5,Total Population,13491,11424,84.68
Central,DISTRICT 4,Total Population,20430,4482,21.94
Claro (Quirino 3-B),DISTRICT 3,Total Population,4067,2442,60.04
Commonwealth,DISTRICT 2,Total Population,224097,18776,8.38
Culiat,DISTRICT 6,Total Population,71177,23291,32.72
Damar,DISTRICT 1,Total Population,994,230,23.14
Damayan,DISTRICT 1,Total Population,6285,2100,33.41
Damayang Lagi,DISTRICT 4,Total Population,20308,10540,51.9
Del Monte,DISTRICT 1,Total Population,10749,4054,37.72
Dioquino Zobel,DISTRICT 3,Total Population,1889,0,0.0
Don Manuel,DISTRICT 4,Total Population,1822,506,27.77
Doña Aurora,DISTRICT 4,Total Population,4464,0,0.0
Doña Imelda,DISTRICT 4,Total Population,12288,10856,88.35
Doña Josefa,DISTRICT 4,Total Population,1964,108,5.5
Duyan-duyan,DISTRICT 3,Total Population,3531,319,9.03
E. Rodriguez,DISTRICT 3,Total Population,18213,3953,21.7
East Kamias,DISTRICT 3,Total Population,6711,2988,44.52
Escopa 1,DISTRICT 3,Total Population,2215,0,0.0
Escopa 2,DISTRICT 3,Total Population,1768,0,0.0
Escopa 3,DISTRICT 3,Total Population,8424,0,0.0
Escopa 4,DISTRICT 3,Total Population,1932,0,0.0
Fairview,DISTRICT 5,Total Population,64747,8816,13.62
Greater Lagro,DISTRICT 5,Total Population,24668,1884,7.64
Gulod,DISTRICT 5,Total Population,65736,24873,37.84
Holy Spirit,DISTRICT 2,Total Population,117570,11087,9.43
Horseshoe,DISTRICT 4,Total Population,2986,672,22.51
Immaculate Concepcion,DISTRICT 4,Total Population,8410,1657,19.7
Kaligayahan,DISTRICT 5,Total Population,63547,4144,6.52
Kalusugan,DISTRICT 4,Total Population,5004,2496,49.88
Kamuning,DISTRICT 4,Total Population,12742,4369,34.29
Katipunan,DISTRICT 1,Total Population,11163,10978,98.34
Kaunlaran,DISTRICT 4,Total Population,12754,539,4.23
Kristong Hari,DISTRICT 4,Total Population,6289,2695,42.85
Krus na Ligas,DISTRICT 4,Total Population,22184,0,0.0
Laging Handa,DISTRICT 4,Total Population,5076,210,4.14
Libis,DISTRICT 3,Total Population,4406,1502,34.09
Lourdes,DISTRICT 1,Total Population,4655,334,7.18
Loyola Heights,DISTRICT 3,Total Population,22029,5996,27.22
Maharlika,DISTRICT 1,Total Population,4565,2865,62.76
Malaya,DISTRICT 4,Total Population,2719,0,0.0
Mangga,DISTRICT 3,Total Population,970,772,79.59
Manresa,DISTRICT 1,Total Population,18119,4683,25.85
Mariana,DISTRICT 4,Total Population,12056,968,8.03
Mariblo,DISTRICT 1,Total Population,3588,2391,66.64
Marilag,DISTRICT 3,Total Population,13208,788,5.97
Masagana,DISTRICT 3,Total Population,4363,1777,40.73
Masambong,DISTRICT 1,Total Population,9183,7912,86.16
Matandang Balara,DISTRICT 3,Total Population,73026,7081,9.7
Milagrosa,DISTRICT 3,Total Population,7117,1057,14.85
N. S. Amoranto (Gintong Silahis),DISTRICT 1,Total Population,6162,1550,25.15
Nagkaisang Nayon,DISTRICT 5,Total Population,56572,12305,21.75
Nayong Kanluran,DISTRICT 1,Total Population,2588,444,17.16
New Era,DISTRICT 6,Total Population,13877,1571,11.32
North Fairview,DISTRICT 5,Total Population,46649,7615,16.32
Novaliches Proper,DISTRICT 5,Total Population,16239,6481,39.91
Obrero,DISTRICT 4,Total Population,9987,1903,19.05
Old Capitol Site,DISTRICT 4,Total Population,1393,819,58.79
Paang Bundok,DISTRICT 1,Total Population,5053,200,3.96
Pag-ibig sa Nayon,DISTRICT 1,Total Population,6225,0,0.0
Paligsahan,DISTRICT 4,Total Population,3710,340,9.16
Paltok,DISTRICT 1,Total Population,19093,7183,37.62
Pansol,DISTRICT 3,Total Population,37148,2018,5.43
Paraiso,DISTRICT 1,Total Population,3709,968,26.1
Pasong Putik Proper,DISTRICT 5,Total Population,41811,4938,11.81
Pasong Tamo,DISTRICT 6,Total Population,116296,22731,19.55
Payatas,DISTRICT 2,Total Population,146866,13057,8.89
Phil-Am,DISTRICT 1,Total Population,2636,219,8.31
Pinagkaisahan,DISTRICT 4,Total Population,4589,649,14.14
Pinyahan,DISTRICT 4,Total Population,22890,1519,6.64
Project 6,DISTRICT 1,Total Population,12432,2463,19.81
Quirino 2-A,DISTRICT 3,Total Population,4840,1966,40.62
Quirino 2-B,DISTRICT 3,Total Population,4111,1483,36.07
Quirino 2-C,DISTRICT 3,Total Population,3337,1787,53.55
Quirino 3-A,DISTRICT 3,Total Population,1113,241,21.65
Ramon Magsaysay,DISTRICT 1,Total Population,15103,1894,12.54
Reservoir,,Total Population,6998,827,11.82
Roxas,DISTRICT 4,Total Population,11166,2974,26.63
Sacred Heart,DISTRICT 4,Total Population,6419,119,1.85
Salvacion,DISTRICT 1,Total Population,7027,677,9.63
San Agustin,DISTRICT 5,Total Population,26688,2524,9.46
San Antonio,DISTRICT 1,Total Population,23384,9792,41.87
San Bartolome,DISTRICT 5,Total Population,53706,11524,21.46
San Isidro,DISTRICT 4,Total Population,6965,547,7.85
San Isidro Labrador,DISTRICT 1,Total Population,6568,750,11.42
San Jose,DISTRICT 1,Total Population,6155,275,4.47
San Martin de Porres,DISTRICT 4,Total Population,12303,1008,8.19
San Roque,DISTRICT 3,Total Population,20033,1563,7.8
San Vicente,DISTRICT 4,Total Population,7487,4382,58.53
Sangandaan,DISTRICT 6,Total Population,22064,5636,25.54
Santol,DISTRICT 4,Total Population,6755,2309,34.18
Sauyo,DISTRICT 6,Total Population,80211,10870,13.55
Sienna,DISTRICT 1,Total Population,2114,1195,56.53
Sikatuna Village,DISTRICT 4,Total Population,6387,352,5.51
Silangan,DISTRICT 3,Total Population,5059,1792,35.42
Socorro,DISTRICT 3,Total Population,23383,701,3.0
South Triangle,DISTRICT 4,Total Population,15226,2612,17.15
St. Ignatius,DISTRICT 3,Total Population,2157,0,0.0
St. Peter,DISTRICT 1,Total Population,4261,2649,62.17
Sta. Cruz,DISTRICT 1,Total Population,4151,1628,39.22
Sta. Lucia,DISTRICT 5,Total Population,29698,10459,35.22
Sta. Monica,DISTRICT 5,Total Population,54468,19433,35.68
Sta. Teresita,DISTRICT 1,Total Population,12373,1481,11.97
Sto. Cristo,DISTRICT 1,Total Population,27089,6009,22.18
Sto. Domingo (Matalahib),DISTRICT 1,Total Population,11966,9561,79.9
Sto. Niño,DISTRICT 4,Total Population,7523,0,0.0
Tagumpay,DISTRICT 3,Total Population,2390,1194,49.96
Talayan,DISTRICT 1,Total Population,4614,4157,90.1
Talipapa,DISTRICT 6,Total Population,40922,7289,17.81
Tandang Sora,DISTRICT 6,Total Population,87409,13049,14.93
Tatalon,DISTRICT 4,Total Population,58079,45707,78.7
Teachers Village East,DISTRICT 4,Total Population,2506,103,4.11
Teachers Village West,DISTRICT 4,Total Population,3128,201,6.43
U. P. Campus,DISTRICT 4,Total Population,49733,6052,12.17
U. P. Village,DISTRICT 4,Total Population,3315,82,2.47
Ugong Norte,DISTRICT 3,Total Population,6628,976,14.73
Unang Sigaw,DISTRICT 6,Total Population,6885,1966,28.55
Valencia,DISTRICT 4,Total Population,11410,3724,32.64
Vasra,DISTRICT 1,Total Population,7735,3499,45.24
Veterans Village,DISTRICT 1,Total Population,13331,1853,13.9
Villa Maria Clara,DISTRICT 3,Total Population,2526,1067,42.24
West Kamias,DISTRICT 3,Total Population,4249,2647,62.3
West Triangle,DISTRICT 1,Total Population,2535,474,18.7
White Plains,DISTRICT 3,Total Population,3742,589,15.74
Alicia,DISTRICT 1,Female Population,3286,933,28.39
Amihan,DISTRICT 3,Female Population,1882,586,31.14
Apolonio Samson,DISTRICT 6,Female Population,18085,7880,43.57
Baesa,DISTRICT 6,Female Population,29822,9605,32.21
Bagbag,DISTRICT 5,Female Population,34685,6502,18.75
Bagong Lipunan ng Crame,DISTRICT 4,Female Population,7558,1149,15.2
Bagong Pag-asa,DISTRICT 1,Female Population,15726,3880,24.67
Bagong Silangan,DISTRICT 2,Female Population,57433,11043,19.23
Bagumbayan,DISTRICT 3,Female Population,11922,6751,56.63
Bagumbuhay,DISTRICT 3,Female Population,3403,900,26.45
Bahay Toro,DISTRICT 1,Female Population,32054,11110,34.66
Balingasa,DISTRICT 1,Female Population,10346,2617,25.29
Balong-bato,DISTRICT 6,Female Population,3766,480,12.75
Batasan Hills,DISTRICT 2,Female Population,89581,15750,17.58
Bayanihan,DISTRICT 3,Female Population,331,0,0.0
Blue Ridge A,DISTRICT 3,Female Population,829,51,6.15
Blue Ridge B,DISTRICT 3,Female Population,575,89,15.48
Botocan,DISTRICT 4,Female Population,3553,1271,35.77
Bungad,DISTRICT 1,Female Population,3784,729,19.27
Camp Aguinaldo,DISTRICT 3,Female Population,1759,120,6.82
Capri,DISTRICT 5,Female Population,6901,5844,84.68
Central,DISTRICT 4,Female Population,10451,2293,21.94
Claro (Quirino 3-B),DISTRICT 3,Female Population,2080,1249,60.05
Commonwealth,DISTRICT 2,Female Population,114637,9605,8.38
Culiat,DISTRICT 6,Female Population,36411,11914,32.72
Damar,DISTRICT 1,Female Population,509,118,23.18
Damayan,DISTRICT 1,Female Population,3215,1074,33.41
Damayang Lagi,DISTRICT 4,Female Population,10389,5392,51.9
Del Monte,DISTRICT 1,Female Population,5499,2074,37.72
Dioquino Zobel,DISTRICT 3,Female Population,966,0,0.0
Don Manuel,DISTRICT 4,Female Population,932,259,27.79
Doña Aurora,DISTRICT 4,Female Population,2283,0,0.0
Doña Imelda,DISTRICT 4,Female Population,6286,5553,88.34
Doña Josefa,DISTRICT 4,Female Population,1005,55,5.47
Duyan-duyan,DISTRICT 3,Female Population,1806,163,9.03
E. Rodriguez,DISTRICT 3,Female Population,9317,2022,21.7
East Kamias,DISTRICT 3,Female Population,3433,1528,44.51
Escopa 1,DISTRICT 3,Female Population,1133,0,0.0
Escopa 2,DISTRICT 3,Female Population,909,0,0.0
Escopa 3,DISTRICT 3,Female Population,4330,0,0.0
Escopa 4,DISTRICT 3,Female Population,993,0,0.0
Fairview,DISTRICT 5,Female Population,33121,4510,13.62
Greater Lagro,DISTRICT 5,Female Population,12619,964,7.64
Gulod,DISTRICT 5,Female Population,33627,12724,37.84
Holy Spirit,DISTRICT 2,Female Population,60143,5672,9.43
Horseshoe,DISTRICT 4,Female Population,1528,344,22.51
Immaculate Concepcion,DISTRICT 4,Female Population,4302,848,19.71
Kaligayahan,DISTRICT 5,Female Population,32496,2120,6.52
Kalusugan,DISTRICT 4,Female Population,2560,1277,49.88
Kamuning,DISTRICT 4,Female Population,6518,2235,34.29
Katipunan,DISTRICT 1,Female Population,5711,5616,98.34
Kaunlaran,DISTRICT 4,Female Population,6524,276,4.23
Kristong Hari,DISTRICT 4,Female Population,3217,1379,42.87
Krus na Ligas,DISTRICT 4,Female Population,11348,0,0.0
Laging Handa,DISTRICT 4,Female Population,2596,107,4.12
Libis,DISTRICT 3,Female Population,2254,768,34.07
Lourdes,DISTRICT 1,Female Population,2381,171,7.18
Loyola Heights,DISTRICT 3,Female Population,11269,3067,27.22
Maharlika,DISTRICT 1,Female Population,2335,1466,62.78
Malaya,DISTRICT 4,Female Population,1391,0,0.0
Mangga,DISTRICT 3,Female Population,496,395,79.64
Manresa,DISTRICT 1,Female Population,9269,2395,25.84
Mariana,DISTRICT 4,Female Population,6167,495,8.03
Mariblo,DISTRICT 1,Female Population,1836,1223,66.61
Marilag,DISTRICT 3,Female Population,6757,403,5.96
Masagana,DISTRICT 3,Female Population,2232,909,40.73
Masambong,DISTRICT 1,Female Population,4697,4047,86.16
Matandang Balara,DISTRICT 3,Female Population,37356,3622,9.7
Milagrosa,DISTRICT 3,Female Population,3641,541,14.86
N. S. Amoranto (Gintong Silahis),DISTRICT 1,Female Population,3152,793,25.16
Nagkaisang Nayon,DISTRICT 5,Female Population,28919,6285,21.73
Nayong Kanluran,DISTRICT 1,Female Population,1324,227,17.15
New Era,DISTRICT 6,Female Population,7099,804,11.33
North Fairview,DISTRICT 5,Female Population,23863,3895,16.32
Novaliches Proper,DISTRICT 5,Female Population,8307,3315,39.91
Obrero,DISTRICT 4,Female Population,5109,974,19.06
Old Capitol Site,DISTRICT 4,Female Population,713,419,58.77
Paang Bundok,DISTRICT 1,Female Population,2585,102,3.95
Pag-ibig sa Nayon,DISTRICT 1,Female Population,3185,0,0.0
Paligsahan,DISTRICT 4,Female Population,1898,174,9.17
Paltok,DISTRICT 1,Female Population,9767,3674,37.62
Pansol,DISTRICT 3,Female Population,19008,1032,5.43
Paraiso,DISTRICT 1,Female Population,1898,495,26.08
Pasong Putik Proper,DISTRICT 5,Female Population,21371,2525,11.82
Pasong Tamo,DISTRICT 6,Female Population,59491,11628,19.55
Payatas,DISTRICT 2,Female Population,75129,6679,8.89
Phil-Am,DISTRICT 1,Female Population,1349,112,8.3
Pinagkaisahan,DISTRICT 4,Female Population,2347,332,14.15
Pinyahan,DISTRICT 4,Female Population,11709,777,6.64
Project 6,DISTRICT 1,Female Population,6359,1260,19.81
Quirino 2-A,DISTRICT 3,Female Population,2476,1006,40.63
Quirino 2-B,DISTRICT 3,Female Population,2103,759,36.09
Quirino 2-C,DISTRICT 3,Female Population,1707,914,53.54
Quirino 3-A,DISTRICT 3,Female Population,569,123,21.62
Ramon Magsaysay,DISTRICT 1,Female Population,7726,969,12.54
Reservoir,,Female Population,3577,423,11.83
Roxas,DISTRICT 4,Female Population,5712,1521,26.63
Sacred Heart,DISTRICT 4,Female Population,3284,61,1.86
Salvacion,DISTRICT 1,Female Population,3595,346,9.62
San Agustin,DISTRICT 5,Female Population,13652,1291,9.46
San Antonio,DISTRICT 1,Female Population,11962,5009,41.87
San Bartolome,DISTRICT 5,Female Population,27473,5895,21.46
San Isidro,DISTRICT 4,Female Population,3563,280,7.86
San Isidro Labrador,DISTRICT 1,Female Population,3360,384,11.43
San Jose,DISTRICT 1,Female Population,3149,141,4.48
San Martin de Porres,DISTRICT 4,Female Population,6293,515,8.18
San Roque,DISTRICT 3,Female Population,10248,800,7.81
San Vicente,DISTRICT 4,Female Population,3830,2241,58.51
Sangandaan,DISTRICT 6,Female Population,11287,2883,25.54
Santol,DISTRICT 4,Female Population,3455,1181,34.18
Sauyo,DISTRICT 6,Female Population,41032,5561,13.55
Sienna,DISTRICT 1,Female Population,1081,611,56.52
Sikatuna Village,DISTRICT 4,Female Population,3267,180,5.51
Silangan,DISTRICT 3,Female Population,2588,917,35.43
Socorro,DISTRICT 3,Female Population,11961,359,3.0
South Triangle,DISTRICT 4,Female Population,7789,1336,17.15
St. Ignatius,DISTRICT 3,Female Population,1103,0,0.0
St. Peter,DISTRICT 1,Female Population,2179,1355,62.18
Sta. Cruz,DISTRICT 1,Female Population,2124,833,39.22
Sta. Lucia,DISTRICT 5,Female Population,15192,5350,35.22
Sta. Monica,DISTRICT 5,Female Population,27863,9941,35.68
Sta. Teresita,DISTRICT 1,Female Population,6329,758,11.98
Sto. Cristo,DISTRICT 1,Female Population,13857,3074,22.18
Sto. Domingo (Matalahib),DISTRICT 1,Female Population,6121,4891,79.91
Sto. Niño,DISTRICT 4,Female Population,3848,0,0.0
Tagumpay,DISTRICT 3,Female Population,1223,611,49.96
Talayan,DISTRICT 1,Female Population,2360,2127,90.13
Talipapa,DISTRICT 6,Female Population,20901,3725,17.82
Tandang Sora,DISTRICT 6,Female Population,44714,6675,14.93
Tatalon,DISTRICT 4,Female Population,29710,23381,78.7
Teachers Village East,DISTRICT 4,Female Population,1282,53,4.13
Teachers Village West,DISTRICT 4,Female Population,1600,103,6.44
U. P. Campus,DISTRICT 4,Female Population,25441,3096,12.17
U. P. Village,DISTRICT 4,Female Population,1696,42,2.48
Ugong Norte,DISTRICT 3,Female Population,3391,499,14.72
Unang Sigaw,DISTRICT 6,Female Population,3522,1005,28.53
Valencia,DISTRICT 4,Female Population,5837,1905,32.64
Vasra,DISTRICT 1,Female Population,3957,1790,45.24
Veterans Village,DISTRICT 1,Female Population,6819,948,13.9
Villa Maria Clara,DISTRICT 3,Female Population,1292,546,42.26
West Kamias,DISTRICT 3,Female Population,2174,1354,62.28
West Triangle,DISTRICT 1,Female Population,1297,243,18.74
White Plains,DISTRICT 3,Female Population,1914,301,15.73
Alicia,DISTRICT 1,Male Population,3138,891,28.39
Amihan,DISTRICT 3,Male Population,1797,560,31.16
Apolonio Samson,DISTRICT 6,Male Population,17269,7524,43.57
Baesa,DISTRICT 6,Male Population,28476,9171,32.21
Bagbag,DISTRICT 5,Male Population,33189,6252,18.84
Bagong Lipunan ng Crame,DISTRICT 4,Male Population,6792,1032,15.19
Bagong Pag-asa,DISTRICT 1,Male Population,15016,3705,24.67
Bagong Silangan,DISTRICT 2,Male Population,54849,10544,19.22
Bagumbayan,DISTRICT 3,Male Population,11384,6446,56.62
Bagumbuhay,DISTRICT 3,Male Population,3249,859,26.44
Bahay Toro,DISTRICT 1,Male Population,30606,10609,34.66
Balingasa,DISTRICT 1,Male Population,9884,2499,25.28
Balong-bato,DISTRICT 6,Male Population,3596,459,12.76
Batasan Hills,DISTRICT 2,Male Population,85538,15039,17.58
Bayanihan,DISTRICT 3,Male Population,316,0,0.0
Blue Ridge A,DISTRICT 3,Male Population,791,49,6.19
Blue Ridge B,DISTRICT 3,Male Population,549,85,15.48
Botocan,DISTRICT 4,Male Population,3392,1213,35.76
Bungad,DISTRICT 1,Male Population,3613,696,19.26
Camp Aguinaldo,DISTRICT 3,Male Population,1679,115,6.85
Capri,DISTRICT 5,Male Population,6589,5580,84.69
Central,DISTRICT 4,Male Population,9979,2189,21.94
Claro (Quirino 3-B),DISTRICT 3,Male Population,1987,1193,60.04
Commonwealth,DISTRICT 2,Male Population,109461,9171,8.38
Culiat,DISTRICT 6,Male Population,34767,11376,32.72
Damar,DISTRICT 1,Male Population,486,112,23.05
Damayan,DISTRICT 1,Male Population,3070,1026,33.42
Damayang Lagi,DISTRICT 4,Male Population,9920,5149,51.91
Del Monte,DISTRICT 1,Male Population,5250,1980,37.71
Dioquino Zobel,DISTRICT 3,Male Population,923,0,0.0
Don Manuel,DISTRICT 4,Male Population,890,247,27.75
Doña Aurora,DISTRICT 4,Male Population,2180,0,0.0
Doña Imelda,DISTRICT 4,Male Population,6002,5302,88.34
Doña Josefa,DISTRICT 4,Male Population,960,53,5.52
Duyan-duyan,DISTRICT 3,Male Population,1725,156,9.04
E. Rodriguez,DISTRICT 3,Male Population,8896,1931,21.71
East Kamias,DISTRICT 3,Male Population,3278,1459,44.51
Escopa 1,DISTRICT 3,Male Population,1082,0,0.0
Escopa 2,DISTRICT 3,Male Population,859,0,0.0
Escopa 3,DISTRICT 3,Male Population,4094,0,0.0
Escopa 4,DISTRICT 3,Male Population,939,0,0.0
Fairview,DISTRICT 5,Male Population,31626,4306,13.62
Greater Lagro,DISTRICT 5,Male Population,12049,920,7.64
Gulod,DISTRICT 5,Male Population,32109,12149,37.84
Holy Spirit,DISTRICT 2,Male Population,57427,5416,9.43
Horseshoe,DISTRICT 4,Male Population,1458,328,22.5
Immaculate Concepcion,DISTRICT 4,Male Population,4108,809,19.69
Kaligayahan,DISTRICT 5,Male Population,31051,2024,6.52
Kalusugan,DISTRICT 4,Male Population,2444,1219,49.88
Kamuning,DISTRICT 4,Male Population,6224,2134,34.29
Katipunan,DISTRICT 1,Male Population,5453,5362,98.33
Kaunlaran,DISTRICT 4,Male Population,6230,263,4.22
Kristong Hari,DISTRICT 4,Male Population,3072,1317,42.87
Krus na Ligas,DISTRICT 4,Male Population,10836,0,0.0
Laging Handa,DISTRICT 4,Male Population,2479,103,4.15
Libis,DISTRICT 3,Male Population,2152,734,34.11
Lourdes,DISTRICT 1,Male Population,2274,163,7.17
Loyola Heights,DISTRICT 3,Male Population,10760,2929,27.22
Maharlika,DISTRICT 1,Male Population,2230,1400,62.78
Malaya,DISTRICT 4,Male Population,1328,0,0.0
Mangga,DISTRICT 3,Male Population,474,377,79.54
Manresa,DISTRICT 1,Male Population,8850,2287,25.84
Mariana,DISTRICT 4,Male Population,5889,473,8.03
Mariblo,DISTRICT 1,Male Population,1753,1168,66.63
Marilag,DISTRICT 3,Male Population,6451,385,5.97
Masagana,DISTRICT 3,Male Population,2131,868,40.73
Masambong,DISTRICT 1,Male Population,4485,3864,86.15
Matandang Balara,DISTRICT 3,Male Population,35670,3459,9.7
Milagrosa,DISTRICT 3,Male Population,3476,516,14.84
N. S. Amoranto (Gintong Silahis),DISTRICT 1,Male Population,3010,757,25.15
Nagkaisang Nayon,DISTRICT 5,Male Population,27653,6020,21.77
Nayong Kanluran,DISTRICT 1,Male Population,1264,217,17.17
New Era,DISTRICT 6,Male Population,6778,767,11.32
North Fairview,DISTRICT 5,Male Population,22786,3719,16.32
Novaliches Proper,DISTRICT 5,Male Population,7932,3165,39.9
Obrero,DISTRICT 4,Male Population,4878,930,19.07
Old Capitol Site,DISTRICT 4,Male Population,681,400,58.74
Paang Bundok,DISTRICT 1,Male Population,2468,98,3.97
Pag-ibig sa Nayon,DISTRICT 1,Male Population,3041,0,0.0
Paligsahan,DISTRICT 4,Male Population,1812,166,9.16
Paltok,DISTRICT 1,Male Population,9326,3508,37.62
Pansol,DISTRICT 3,Male Population,18139,986,5.44
Paraiso,DISTRICT 1,Male Population,1812,473,26.1
Pasong Putik Proper,DISTRICT 5,Male Population,20440,2413,11.81
Pasong Tamo,DISTRICT 6,Male Population,56805,11103,19.55
Payatas,DISTRICT 2,Male Population,71737,6378,8.89
Phil-Am,DISTRICT 1,Male Population,1288,107,8.31
Pinagkaisahan,DISTRICT 4,Male Population,2241,317,14.15
Pinyahan,DISTRICT 4,Male Population,11181,742,6.64
Project 6,DISTRICT 1,Male Population,6072,1203,19.81
Quirino 2-A,DISTRICT 3,Male Population,2364,960,40.61
Quirino 2-B,DISTRICT 3,Male Population,2008,724,36.06
Quirino 2-C,DISTRICT 3,Male Population,1630,873,53.56
Quirino 3-A,DISTRICT 3,Male Population,544,118,21.69
Ramon Magsaysay,DISTRICT 1,Male Population,7377,925,12.54
Reservoir,,Male Population,3421,404,11.81
Roxas,DISTRICT 4,Male Population,5454,1452,26.62
Sacred Heart,DISTRICT 4,Male Population,3135,58,1.85
Salvacion,DISTRICT 1,Male Population,3432,331,9.64
San Agustin,DISTRICT 5,Male Population,13036,1233,9.46
San Antonio,DISTRICT 1,Male Population,11422,4783,41.88
San Bartolome,DISTRICT 5,Male Population,26233,5629,21.46
San Isidro,DISTRICT 4,Male Population,3402,267,7.85
San Isidro Labrador,DISTRICT 1,Male Population,3208,366,11.41
San Jose,DISTRICT 1,Male Population,3006,134,4.46
San Martin de Porres,DISTRICT 4,Male Population,6009,492,8.19
San Roque,DISTRICT 3,Male Population,9785,764,7.81
San Vicente,DISTRICT 4,Male Population,3657,2140,58.52
Sangandaan,DISTRICT 6,Male Population,10777,2753,25.55
Santol,DISTRICT 4,Male Population,3299,1128,34.19
Sauyo,DISTRICT 6,Male Population,39179,5310,13.55
Sienna,DISTRICT 1,Male Population,1033,584,56.53
Sikatuna Village,DISTRICT 4,Male Population,3120,172,5.51
Silangan,DISTRICT 3,Male Population,2471,876,35.45
Socorro,DISTRICT 3,Male Population,11421,342,2.99
South Triangle,DISTRICT 4,Male Population,7437,1276,17.16
St. Ignatius,DISTRICT 3,Male Population,1054,0,0.0
St. Peter,DISTRICT 1,Male Population,2081,1294,62.18
Sta. Cruz,DISTRICT 1,Male Population,2028,795,39.2
Sta. Lucia,DISTRICT 5,Male Population,14506,5109,35.22
Sta. Monica,DISTRICT 5,Male Population,26605,9492,35.68
Sta. Teresita,DISTRICT 1,Male Population,6043,724,11.98
Sto. Cristo,DISTRICT 1,Male Population,13231,2935,22.18
Sto. Domingo (Matalahib),DISTRICT 1,Male Population,5845,4670,79.9
Sto. Niño,DISTRICT 4,Male Population,3675,0,0.0
Tagumpay,DISTRICT 3,Male Population,1167,583,49.96
Talayan,DISTRICT 1,Male Population,2254,2031,90.11
Talipapa,DISTRICT 6,Male Population,20021,3563,17.8
Tandang Sora,DISTRICT 6,Male Population,42695,6374,14.93
Tatalon,DISTRICT 4,Male Population,28369,22325,78.7
Teachers Village East,DISTRICT 4,Male Population,1224,50,4.08
Teachers Village West,DISTRICT 4,Male Population,1528,98,6.41
U. P. Campus,DISTRICT 4,Male Population,24292,2956,12.17
U. P. Village,DISTRICT 4,Male Population,1619,40,2.47
Ugong Norte,DISTRICT 3,Male Population,3237,477,14.74
Unang Sigaw,DISTRICT 6,Male Population,3363,960,28.55
Valencia,DISTRICT 4,Male Population,5573,1819,32.64
Vasra,DISTRICT 1,Male Population,3778,1709,45.24
Veterans Village,DISTRICT 1,Male Population,6511,905,13.9
Villa Maria Clara,DISTRICT 3,Male Population,1234,521,42.22
West Kamias,DISTRICT 3,Male Population,2075,1293,62.31
West Triangle,DISTRICT 1,Male Population,1238,232,18.74
White Plains,DISTRICT 3,Male Population,1828,288,15.75
Alicia,DISTRICT 1,Children (0-4),470,133,28.3
Amihan,DISTRICT 3,Children (0-4),269,84,31.23
Apolonio Samson,DISTRICT 6,Children (0-4),2584,1126,43.58
Baesa,DISTRICT 6,Children (0-4),4261,1372,32.2
Bagbag,DISTRICT 5,Children (0-4),4950,925,18.69
Bagong Lipunan ng Crame,DISTRICT 4,Children (0-4),902,137,15.19
Bagong Pag-asa,DISTRICT 1,Children (0-4),2247,554,24.66
Bagong Silangan,DISTRICT 2,Children (0-4),8210,1578,19.22
Bagumbayan,DISTRICT 3,Children (0-4),1704,965,56.63
Bagumbuhay,DISTRICT 3,Children (0-4),486,129,26.54
Bahay Toro,DISTRICT 1,Children (0-4),4580,1588,34.67
Balingasa,DISTRICT 1,Children (0-4),1479,374,25.29
Balong-bato,DISTRICT 6,Children (0-4),538,69,12.83
Batasan Hills,DISTRICT 2,Children (0-4),12800,2250,17.58
Bayanihan,DISTRICT 3,Children (0-4),47,0,0.0
Blue Ridge A,DISTRICT 3,Children (0-4),118,7,5.93
Blue Ridge B,DISTRICT 3,Children (0-4),82,13,15.85
Botocan,DISTRICT 4,Children (0-4),508,182,35.83
Bungad,DISTRICT 1,Children (0-4),541,104,19.22
Camp Aguinaldo,DISTRICT 3,Children (0-4),251,17,6.77
Capri,DISTRICT 5,Children (0-4),986,835,84.69
Central,DISTRICT 4,Children (0-4),1493,328,21.97
Claro (Quirino 3-B),DISTRICT 3,Children (0-4),297,179,60.27
Commonwealth,DISTRICT 2,Children (0-4),16381,1372,8.38
Culiat,DISTRICT 6,Children (0-4),5203,1702,32.71
Damar,DISTRICT 1,Children (0-4),73,17,23.29
Damayan,DISTRICT 1,Children (0-4),459,154,33.55
Damayang Lagi,DISTRICT 4,Children (0-4),1484,770,51.89
Del Monte,DISTRICT 1,Children (0-4),786,296,37.66
Dioquino Zobel,DISTRICT 3,Children (0-4),138,0,0.0
Don Manuel,DISTRICT 4,Children (0-4),133,37,27.82
Doña Aurora,DISTRICT 4,Children (0-4),326,0,0.0
Doña Imelda,DISTRICT 4,Children (0-4),898,794,88.42
Doña Josefa,DISTRICT 4,Children (0-4),144,8,5.56
Duyan-duyan,DISTRICT 3,Children (0-4),258,23,8.91
E. Rodriguez,DISTRICT 3,Children (0-4),1331,289,21.71
East Kamias,DISTRICT 3,Children (0-4),491,218,44.4
Escopa 1,DISTRICT 3,Children (0-4),162,0,0.0
Escopa 2,DISTRICT 3,Children (0-4),122,0,0.0
Escopa 3,DISTRICT 3,Children (0-4),580,0,0.0
Escopa 4,DISTRICT 3,Children (0-4),133,0,0.0
Fairview,DISTRICT 5,Children (0-4),4733,644,13.61
Greater Lagro,DISTRICT 5,Children (0-4),1803,138,7.65
Gulod,DISTRICT 5,Children (0-4),4805,1818,37.84
Holy Spirit,DISTRICT 2,Children (0-4),8594,810,9.43
Horseshoe,DISTRICT 4,Children (0-4),218,49,22.48
Immaculate Concepcion,DISTRICT 4,Children (0-4),615,121,19.67
Kaligayahan,DISTRICT 5,Children (0-4),4648,303,6.52
Kalusugan,DISTRICT 4,Children (0-4),366,182,49.73
Kamuning,DISTRICT 4,Children (0-4),931,319,34.26
Katipunan,DISTRICT 1,Children (0-4),816,802,98.28
Kaunlaran,DISTRICT 4,Children (0-4),932,39,4.18
Kristong Hari,DISTRICT 4,Children (0-4),460,197,42.83
Krus na Ligas,DISTRICT 4,Children (0-4),1622,0,0.0
Laging Handa,DISTRICT 4,Children (0-4),371,15,4.04
Libis,DISTRICT 3,Children (0-4),322,110,34.16
Lourdes,DISTRICT 1,Children (0-4),340,24,7.06
Loyola Heights,DISTRICT 3,Children (0-4),1610,438,27.2
Maharlika,DISTRICT 1,Children (0-4),334,209,62.57
Malaya,DISTRICT 4,Children (0-4),199,0,0.0
Mangga,DISTRICT 3,Children (0-4),71,56,78.87
Manresa,DISTRICT 1,Children (0-4),1324,342,25.83
Mariana,DISTRICT 4,Children (0-4),881,71,8.06
Mariblo,DISTRICT 1,Children (0-4),262,175,66.79
Marilag,DISTRICT 3,Children (0-4),964,58,6.02
Masagana,DISTRICT 3,Children (0-4),319,130,40.75
Masambong,DISTRICT 1,Children (0-4),671,578,86.14
Matandang Balara,DISTRICT 3,Children (0-4),5338,518,9.7
Milagrosa,DISTRICT 3,Children (0-4),520,77,14.81
N. S. Amoranto (Gintong Silahis),DISTRICT 1,Children (0-4),450,113,25.11
Nagkaisang Nayon,DISTRICT 5,Children (0-4),4135,897,21.69
Nayong Kanluran,DISTRICT 1,Children (0-4),189,32,16.93
New Era,DISTRICT 6,Children (0-4),1014,115,11.34
North Fairview,DISTRICT 5,Children (0-4),3410,557,16.33
Novaliches Proper,DISTRICT 5,Children (0-4),1187,474,39.93
Obrero,DISTRICT 4,Children (0-4),730,139,19.04
Old Capitol Site,DISTRICT 4,Children (0-4),102,60,58.82
Paang Bundok,DISTRICT 1,Children (0-4),369,15,4.07
Pag-ibig sa Nayon,DISTRICT 1,Children (0-4),455,0,0.0
Paligsahan,DISTRICT 4,Children (0-4),271,25,9.23
Paltok,DISTRICT 1,Children (0-4),1396,525,37.61
Pansol,DISTRICT 3,Children (0-4),2706,147,5.43
Paraiso,DISTRICT 1,Children (0-4),271,71,26.2
Pasong Putik Proper,DISTRICT 5,Children (0-4),3061,361,11.79
Pasong Tamo,DISTRICT 6,Children (0-4),8501,1662,19.55
Payatas,DISTRICT 2,Children (0-4),10735,954,8.89
Phil-Am,DISTRICT 1,Children (0-4),193,16,8.29
Pinagkaisahan,DISTRICT 4,Children (0-4),335,47,14.03
Pinyahan,DISTRICT 4,Children (0-4),1673,111,6.63
Project 6,DISTRICT 1,Children (0-4),909,180,19.8
Quirino 2-A,DISTRICT 3,Children (0-4),354,144,40.68
Quirino 2-B,DISTRICT 3,Children (0-4),300,108,36.0
Quirino 2-C,DISTRICT 3,Children (0-4),244,131,53.69
Quirino 3-A,DISTRICT 3,Children (0-4),81,18,22.22
Ramon Magsaysay,DISTRICT 1,Children (0-4),1104,138,12.5
Reservoir,,Children (0-4),513,60,11.7
Roxas,DISTRICT 4,Children (0-4),816,217,26.59
Sacred Heart,DISTRICT 4,Children (0-4),469,9,1.92
Salvacion,DISTRICT 1,Children (0-4),514,49,9.53
San Agustin,DISTRICT 5,Children (0-4),1951,184,9.43
San Antonio,DISTRICT 1,Children (0-4),1709,716,41.9
San Bartolome,DISTRICT 5,Children (0-4),3926,842,21.45
San Isidro,DISTRICT 4,Children (0-4),509,40,7.86
San Isidro Labrador,DISTRICT 1,Children (0-4),480,55,11.46
San Jose,DISTRICT 1,Children (0-4),450,20,4.44
San Martin de Porres,DISTRICT 4,Children (0-4),899,74,8.23
San Roque,DISTRICT 3,Children (0-4),1464,114,7.79
San Vicente,DISTRICT 4,Children (0-4),547,320,58.5
Sangandaan,DISTRICT 6,Children (0-4),1613,412,25.54
Santol,DISTRICT 4,Children (0-4),494,169,34.21
Sauyo,DISTRICT 6,Children (0-4),5863,795,13.56
Sienna,DISTRICT 1,Children (0-4),155,87,56.13
Sikatuna Village,DISTRICT 4,Children (0-4),467,26,5.57
Silangan,DISTRICT 3,Children (0-4),370,131,35.41
Socorro,DISTRICT 3,Children (0-4),1709,51,2.98
South Triangle,DISTRICT 4,Children (0-4),1113,191,17.16
St. Ignatius,DISTRICT 3,Children (0-4),158,0,0.0
St. Peter,DISTRICT 1,Children (0-4),311,194,62.38
Sta. Cruz,DISTRICT 1,Children (0-4),303,119,39.27
Sta. Lucia,DISTRICT 5,Children (0-4),2171,764,35.19
Sta. Monica,DISTRICT 5,Children (0-4),3981,1420,35.67
Sta. Teresita,DISTRICT 1,Children (0-4),904,108,11.95
Sto. Cristo,DISTRICT 1,Children (0-4),1980,439,22.17
Sto. Domingo (Matalahib),DISTRICT 1,Children (0-4),875,699,79.89
Sto. Niño,DISTRICT 4,Children (0-4),550,0,0.0
Tagumpay,DISTRICT 3,Children (0-4),175,87,49.71
Talayan,DISTRICT 1,Children (0-4),337,304,90.21
Talipapa,DISTRICT 6,Children (0-4),2981,532,17.85
Tandang Sora,DISTRICT 6,Children (0-4),6389,954,14.93
Tatalon,DISTRICT 4,Children (0-4),4245,3341,78.7
Teachers Village East,DISTRICT 4,Children (0-4),183,8,4.37
Teachers Village West,DISTRICT 4,Children (0-4),229,15,6.55
U. P. Campus,DISTRICT 4,Children (0-4),3635,442,12.16
U. P. Village,DISTRICT 4,Children (0-4),242,6,2.48
Ugong Norte,DISTRICT 3,Children (0-4),485,71,14.64
Unang Sigaw,DISTRICT 6,Children (0-4),503,144,28.63
Valencia,DISTRICT 4,Children (0-4),834,272,32.61
Vasra,DISTRICT 1,Children (0-4),565,256,45.31
Veterans Village,DISTRICT 1,Children (0-4),974,135,13.86
Villa Maria Clara,DISTRICT 3,Children (0-4),185,78,42.16
West Kamias,DISTRICT 3,Children (0-4),311,194,62.38
West Triangle,DISTRICT 1,Children (0-4),185,35,18.92
White Plains,DISTRICT 3,Children (0-4),274,43,15.69
Alicia,DISTRICT 1,Female Children (0-4),227,64,28.19
Amihan,DISTRICT 3,Female Children (0-4),130,40,30.77
Apolonio Samson,DISTRICT 6,Female Children (0-4),1249,544,43.55
Baesa,DISTRICT 6,Female Children (0-4),2059,663,32.2
Bagbag,DISTRICT 5,Female Children (0-4),2391,447,18.7
Bagong Lipunan ng Crame,DISTRICT 4,Female Children (0-4),436,66,15.14
Bagong Pag-asa,DISTRICT 1,Female Children (0-4),1086,268,24.68
Bagong Silangan,DISTRICT 2,Female Children (0-4),3967,762,19.21
Bagumbayan,DISTRICT 3,Female Children (0-4),823,466,56.62
Bagumbuhay,DISTRICT 3,Female Children (0-4),235,62,26.38
Bahay Toro,DISTRICT 1,Female Children (0-4),2213,767,34.66
Balingasa,DISTRICT 1,Female Children (0-4),715,181,25.31
Balong-bato,DISTRICT 6,Female Children (0-4),260,33,12.69
Batasan Hills,DISTRICT 2,Female Children (0-4),6184,1087,17.58
Bayanihan,DISTRICT 3,Female Children (0-4),23,0,0.0
Blue Ridge A,DISTRICT 3,Female Children (0-4),57,4,7.02
Blue Ridge B,DISTRICT 3,Female Children (0-4),40,6,15.0
Botocan,DISTRICT 4,Female Children (0-4),245,88,35.92
Bungad,DISTRICT 1,Female Children (0-4),261,50,19.16
Camp Aguinaldo,DISTRICT 3,Female Children (0-4),121,8,6.61
Capri,DISTRICT 5,Female Children (0-4),476,403,84.66
Central,DISTRICT 4,Female Children (0-4),721,158,21.91
Claro (Quirino 3-B),DISTRICT 3,Female Children (0-4),144,86,59.72
Commonwealth,DISTRICT 2,Female Children (0-4),7914,663,8.38
Culiat,DISTRICT 6,Female Children (0-4),2514,823,32.74
Damar,DISTRICT 1,Female Children (0-4),35,8,22.86
Damayan,DISTRICT 1,Female Children (0-4),222,74,33.33
Damayang Lagi,DISTRICT 4,Female Children (0-4),717,372,51.88
Del Monte,DISTRICT 1,Female Children (0-4),380,143,37.63
Dioquino Zobel,DISTRICT 3,Female Children (0-4),67,0,0.0
Don Manuel,DISTRICT 4,Female Children (0-4),64,18,28.12
Doña Aurora,DISTRICT 4,Female Children (0-4),158,0,0.0
Doña Imelda,DISTRICT 4,Female Children (0-4),434,383,88.25
Doña Josefa,DISTRICT 4,Female Children (0-4),69,4,5.8
Duyan-duyan,DISTRICT 3,Female Children (0-4),125,11,8.8
E. Rodriguez,DISTRICT 3,Female Children (0-4),643,140,21.77
East Kamias,DISTRICT 3,Female Children (0-4),237,106,44.73
Escopa 1,DISTRICT 3,Female Children (0-4),78,0,0.0
Escopa 2,DISTRICT 3,Female Children (0-4),59,0,0.0
Escopa 3,DISTRICT 3,Female Children (0-4),279,0,0.0
Escopa 4,DISTRICT 3,Female Children (0-4),64,0,0.0
Fairview,DISTRICT 5,Female Children (0-4),2287,311,13.6
Greater Lagro,DISTRICT 5,Female Children (0-4),871,67,7.69
Gulod,DISTRICT 5,Female Children (0-4),2321,878,37.83
Holy Spirit,DISTRICT 2,Female Children (0-4),4152,392,9.44
Horseshoe,DISTRICT 4,Female Children (0-4),105,24,22.86
Immaculate Concepcion,DISTRICT 4,Female Children (0-4),297,59,19.87
Kaligayahan,DISTRICT 5,Female Children (0-4),2245,146,6.5
Kalusugan,DISTRICT 4,Female Children (0-4),177,88,49.72
Kamuning,DISTRICT 4,Female Children (0-4),450,154,34.22
Katipunan,DISTRICT 1,Female Children (0-4),394,388,98.48
Kaunlaran,DISTRICT 4,Female Children (0-4),450,19,4.22
Kristong Hari,DISTRICT 4,Female Children (0-4),222,95,42.79
Krus na Ligas,DISTRICT 4,Female Children (0-4),783,0,0.0
Laging Handa,DISTRICT 4,Female Children (0-4),179,7,3.91
Libis,DISTRICT 3,Female Children (0-4),156,53,33.97
Lourdes,DISTRICT 1,Female Children (0-4),164,12,7.32
Loyola Heights,DISTRICT 3,Female Children (0-4),778,212,27.25
Maharlika,DISTRICT 1,Female Children (0-4),161,101,62.73
Malaya,DISTRICT 4,Female Children (0-4),96,0,0.0
Mangga,DISTRICT 3,Female Children (0-4),34,27,79.41
Manresa,DISTRICT 1,Female Children (0-4),640,165,25.78
Mariana,DISTRICT 4,Female Children (0-4),426,34,7.98
Mariblo,DISTRICT 1,Female Children (0-4),127,84,66.14
Marilag,DISTRICT 3,Female Children (0-4),466,28,6.01
Masagana,DISTRICT 3,Female Children (0-4),154,63,40.91
Masambong,DISTRICT 1,Female Children (0-4),324,279,86.11
Matandang Balara,DISTRICT 3,Female Children (0-4),2579,250,9.69
Milagrosa,DISTRICT 3,Female Children (0-4),251,37,14.74
N. S. Amoranto (Gintong Silahis),DISTRICT 1,Female Children (0-4),218,55,25.23
Nagkaisang Nayon,DISTRICT 5,Female Children (0-4),1997,433,21.68
Nayong Kanluran,DISTRICT 1,Female Children (0-4),91,16,17.58
New Era,DISTRICT 6,Female Children (0-4),490,55,11.22
North Fairview,DISTRICT 5,Female Children (0-4),1647,269,16.33
Novaliches Proper,DISTRICT 5,Female Children (0-4),573,229,39.97
Obrero,DISTRICT 4,Female Children (0-4),353,67,18.98
Old Capitol Site,DISTRICT 4,Female Children (0-4),49,29,59.18
Paang Bundok,DISTRICT 1,Female Children (0-4),178,7,3.93
Pag-ibig sa Nayon,DISTRICT 1,Female Children (0-4),220,0,0.0
Paligsahan,DISTRICT 4,Female Children (0-4),131,12,9.16
Paltok,DISTRICT 1,Female Children (0-4),674,254,37.69
Pansol,DISTRICT 3,Female Children (0-4),1307,71,5.43
Paraiso,DISTRICT 1,Female Children (0-4),131,34,25.95
Pasong Putik Proper,DISTRICT 5,Female Children (0-4),1478,174,11.77
Pasong Tamo,DISTRICT 6,Female Children (0-4),4107,803,19.55
Payatas,DISTRICT 2,Female Children (0-4),5187,461,8.89
Phil-Am,DISTRICT 1,Female Children (0-4),93,8,8.6
Pinagkaisahan,DISTRICT 4,Female Children (0-4),162,23,14.2
Pinyahan,DISTRICT 4,Female Children (0-4),808,54,6.68
Project 6,DISTRICT 1,Female Children (0-4),439,87,19.82
Quirino 2-A,DISTRICT 3,Female Children (0-4),171,69,40.35
Quirino 2-B,DISTRICT 3,Female Children (0-4),145,52,35.86
Quirino 2-C,DISTRICT 3,Female Children (0-4),118,63,53.39
Quirino 3-A,DISTRICT 3,Female Children (0-4),39,9,23.08
Ramon Magsaysay,DISTRICT 1,Female Children (0-4),533,67,12.57
Reservoir,,Female Children (0-4),248,29,11.69
Roxas,DISTRICT 4,Female Children (0-4),394,105,26.65
Sacred Heart,DISTRICT 4,Female Children (0-4),227,4,1.76
Salvacion,DISTRICT 1,Female Children (0-4),248,24,9.68
San Agustin,DISTRICT 5,Female Children (0-4),942,89,9.45
San Antonio,DISTRICT 1,Female Children (0-4),826,346,41.89
San Bartolome,DISTRICT 5,Female Children (0-4),1897,407,21.45
San Isidro,DISTRICT 4,Female Children (0-4),246,19,7.72
San Isidro Labrador,DISTRICT 1,Female Children (0-4),232,26,11.21
San Jose,DISTRICT 1,Female Children (0-4),217,10,4.61
San Martin de Porres,DISTRICT 4,Female Children (0-4),434,36,8.29
San Roque,DISTRICT 3,Female Children (0-4),707,55,7.78
San Vicente,DISTRICT 4,Female Children (0-4),264,155,58.71
Sangandaan,DISTRICT 6,Female Children (0-4),779,199,25.55
Santol,DISTRICT 4,Female Children (0-4),239,82,34.31
Sauyo,DISTRICT 6,Female Children (0-4),2833,384,13.55
Sienna,DISTRICT 1,Female Children (0-4),75,42,56.0
Sikatuna Village,DISTRICT 4,Female Children (0-4),226,12,5.31
Silangan,DISTRICT 3,Female Children (0-4),179,63,35.2
Socorro,DISTRICT 3,Female Children (0-4),826,25,3.03
South Triangle,DISTRICT 4,Female Children (0-4),538,92,17.1
St. Ignatius,DISTRICT 3,Female Children (0-4),76,0,0.0
St. Peter,DISTRICT 1,Female Children (0-4),150,94,62.67
Sta. Cruz,DISTRICT 1,Female Children (0-4),147,57,38.78
Sta. Lucia,DISTRICT 5,Female Children (0-4),1049,369,35.18
Sta. Monica,DISTRICT 5,Female Children (0-4),1924,686,35.65
Sta. Teresita,DISTRICT 1,Female Children (0-4),437,52,11.9
Sto. Cristo,DISTRICT 1,Female Children (0-4),957,212,22.15
Sto. Domingo (Matalahib),DISTRICT 1,Female Children (0-4),423,338,79.91
Sto. Niño,DISTRICT 4,Female Children (0-4),266,0,0.0
Tagumpay,DISTRICT 3,Female Children (0-4),84,42,50.0
Talayan,DISTRICT 1,Female Children (0-4),163,147,90.18
Talipapa,DISTRICT 6,Female Children (0-4),1440,257,17.85
Tandang Sora,DISTRICT 6,Female Children (0-4),3087,461,14.93
Tatalon,DISTRICT 4,Female Children (0-4),2051,1614,78.69
Teachers Village East,DISTRICT 4,Female Children (0-4),89,4,4.49
Teachers Village West,DISTRICT 4,Female Children (0-4),110,7,6.36
U. P. Campus,DISTRICT 4,Female Children (0-4),1756,214,12.19
U. P. Village,DISTRICT 4,Female Children (0-4),117,3,2.56
Ugong Norte,DISTRICT 3,Female Children (0-4),234,34,14.53
Unang Sigaw,DISTRICT 6,Female Children (0-4),243,69,28.4
Valencia,DISTRICT 4,Female Children (0-4),403,132,32.75
Vasra,DISTRICT 1,Female Children (0-4),273,124,45.42
Veterans Village,DISTRICT 1,Female Children (0-4),471,65,13.8
Villa Maria Clara,DISTRICT 3,Female Children (0-4),89,38,42.7
West Kamias,DISTRICT 3,Female Children (0-4),150,93,62.0
West Triangle,DISTRICT 1,Female Children (0-4),90,17,18.89
White Plains,DISTRICT 3,Female Children (0-4),132,21,15.91
Alicia,DISTRICT 1,Male Children (0-4),243,69,28.4
Amihan,DISTRICT 3,Male Children (0-4),139,43,30.94
Apolonio Samson,DISTRICT 6,Male Children (0-4),1336,582,43.56
Baesa,DISTRICT 6,Male Children (0-4),2203,709,32.18
Bagbag,DISTRICT 5,Male Children (0-4),2559,479,18.72
Bagong Lipunan ng Crame,DISTRICT 4,Male Children (0-4),465,71,15.27
Bagong Pag-asa,DISTRICT 1,Male Children (0-4),1161,287,24.72
Bagong Silangan,DISTRICT 2,Male Children (0-4),4244,816,19.23
Bagumbayan,DISTRICT 3,Male Children (0-4),881,499,56.64
Bagumbuhay,DISTRICT 3,Male Children (0-4),251,66,26.29
Bahay Toro,DISTRICT 1,Male Children (0-4),2367,821,34.69
Balingasa,DISTRICT 1,Male Children (0-4),765,193,25.23
Balong-bato,DISTRICT 6,Male Children (0-4),278,35,12.59
Batasan Hills,DISTRICT 2,Male Children (0-4),6616,1163,17.58
Bayanihan,DISTRICT 3,Male Children (0-4),24,0,0.0
Blue Ridge A,DISTRICT 3,Male Children (0-4),61,4,6.56
Blue Ridge B,DISTRICT 3,Male Children (0-4),42,7,16.67
Botocan,DISTRICT 4,Male Children (0-4),262,94,35.88
Bungad,DISTRICT 1,Male Children (0-4),279,54,19.35
Camp Aguinaldo,DISTRICT 3,Male Children (0-4),130,9,6.92
Capri,DISTRICT 5,Male Children (0-4),510,432,84.71
Central,DISTRICT 4,Male Children (0-4),772,169,21.89
Claro (Quirino 3-B),DISTRICT 3,Male Children (0-4),154,92,59.74
Commonwealth,DISTRICT 2,Male Children (0-4),8467,709,8.37
Culiat,DISTRICT 6,Male Children (0-4),2689,880,32.73
Damar,DISTRICT 1,Male Children (0-4),38,9,23.68
Damayan,DISTRICT 1,Male Children (0-4),237,79,33.33
Damayang Lagi,DISTRICT 4,Male Children (0-4),767,398,51.89
Del Monte,DISTRICT 1,Male Children (0-4),406,153,37.68
Dioquino Zobel,DISTRICT 3,Male Children (0-4),71,0,0.0
Don Manuel,DISTRICT 4,Male Children (0-4),69,19,27.54
Doña Aurora,DISTRICT 4,Male Children (0-4),169,0,0.0
Doña Imelda,DISTRICT 4,Male Children (0-4),464,410,88.36
Doña Josefa,DISTRICT 4,Male Children (0-4),74,4,5.41
Duyan-duyan,DISTRICT 3,Male Children (0-4),133,12,9.02
E. Rodriguez,DISTRICT 3,Male Children (0-4),688,149,21.66
East Kamias,DISTRICT 3,Male Children (0-4),254,113,44.49
Escopa 1,DISTRICT 3,Male Children (0-4),84,0,0.0
Escopa 2,DISTRICT 3,Male Children (0-4),63,0,0.0
Escopa 3,DISTRICT 3,Male Children (0-4),301,0,0.0
Escopa 4,DISTRICT 3,Male Children (0-4),69,0,0.0
Fairview,DISTRICT 5,Male Children (0-4),2446,333,13.61
Greater Lagro,DISTRICT 5,Male Children (0-4),932,71,7.62
Gulod,DISTRICT 5,Male Children (0-4),2484,940,37.84
Holy Spirit,DISTRICT 2,Male Children (0-4),4442,419,9.43
Horseshoe,DISTRICT 4,Male Children (0-4),113,25,22.12
Immaculate Concepcion,DISTRICT 4,Male Children (0-4),318,63,19.81
Kaligayahan,DISTRICT 5,Male Children (0-4),2403,157,6.53
Kalusugan,DISTRICT 4,Male Children (0-4),189,94,49.74
Kamuning,DISTRICT 4,Male Children (0-4),481,165,34.3
Katipunan,DISTRICT 1,Male Children (0-4),422,415,98.34
Kaunlaran,DISTRICT 4,Male Children (0-4),482,20,4.15
Kristong Hari,DISTRICT 4,Male Children (0-4),238,102,42.86
Krus na Ligas,DISTRICT 4,Male Children (0-4),838,0,0.0
Laging Handa,DISTRICT 4,Male Children (0-4),192,8,4.17
Libis,DISTRICT 3,Male Children (0-4),166,57,34.34
Lourdes,DISTRICT 1,Male Children (0-4),176,13,7.39
Loyola Heights,DISTRICT 3,Male Children (0-4),832,227,27.28
Maharlika,DISTRICT 1,Male Children (0-4),172,108,62.79
Malaya,DISTRICT 4,Male Children (0-4),103,0,0.0
Mangga,DISTRICT 3,Male Children (0-4),37,29,78.38
Manresa,DISTRICT 1,Male Children (0-4),685,177,25.84
Mariana,DISTRICT 4,Male Children (0-4),455,37,8.13
Mariblo,DISTRICT 1,Male Children (0-4),136,90,66.18
Marilag,DISTRICT 3,Male Children (0-4),498,30,6.02
Masagana,DISTRICT 3,Male Children (0-4),165,67,40.61
Masambong,DISTRICT 1,Male Children (0-4),347,299,86.17
Matandang Balara,DISTRICT 3,Male Children (0-4),2759,268,9.71
Milagrosa,DISTRICT 3,Male Children (0-4),269,40,14.87
N. S. Amoranto (Gintong Silahis),DISTRICT 1,Male Children (0-4),233,59,25.32
Nagkaisang Nayon,DISTRICT 5,Male Children (0-4),2138,464,21.7
Nayong Kanluran,DISTRICT 1,Male Children (0-4),98,17,17.35
New Era,DISTRICT 6,Male Children (0-4),524,59,11.26
North Fairview,DISTRICT 5,Male Children (0-4),1762,288,16.35
Novaliches Proper,DISTRICT 5,Male Children (0-4),614,245,39.9
Obrero,DISTRICT 4,Male Children (0-4),377,72,19.1
Old Capitol Site,DISTRICT 4,Male Children (0-4),53,31,58.49
Paang Bundok,DISTRICT 1,Male Children (0-4),191,8,4.19
Pag-ibig sa Nayon,DISTRICT 1,Male Children (0-4),235,0,0.0
Paligsahan,DISTRICT 4,Male Children (0-4),140,13,9.29
Paltok,DISTRICT 1,Male Children (0-4),721,271,37.59
Pansol,DISTRICT 3,Male Children (0-4),1399,76,5.43
Paraiso,DISTRICT 1,Male Children (0-4),140,37,26.43
Pasong Putik Proper,DISTRICT 5,Male Children (0-4),1583,187,11.81
Pasong Tamo,DISTRICT 6,Male Children (0-4),4394,859,19.55
Payatas,DISTRICT 2,Male Children (0-4),5549,493,8.88
Phil-Am,DISTRICT 1,Male Children (0-4),100,8,8.0
Pinagkaisahan,DISTRICT 4,Male Children (0-4),173,25,14.45
Pinyahan,DISTRICT 4,Male Children (0-4),865,57,6.59
Project 6,DISTRICT 1,Male Children (0-4),470,93,19.79
Quirino 2-A,DISTRICT 3,Male Children (0-4),183,74,40.44
Quirino 2-B,DISTRICT 3,Male Children (0-4),155,56,36.13
Quirino 2-C,DISTRICT 3,Male Children (0-4),126,68,53.97
Quirino 3-A,DISTRICT 3,Male Children (0-4),42,9,21.43
Ramon Magsaysay,DISTRICT 1,Male Children (0-4),571,72,12.61
Reservoir,,Male Children (0-4),265,31,11.7
Roxas,DISTRICT 4,Male Children (0-4),422,112,26.54
Sacred Heart,DISTRICT 4,Male Children (0-4),243,5,2.06
Salvacion,DISTRICT 1,Male Children (0-4),265,26,9.81
San Agustin,DISTRICT 5,Male Children (0-4),1008,95,9.42
San Antonio,DISTRICT 1,Male Children (0-4),883,370,41.9
San Bartolome,DISTRICT 5,Male Children (0-4),2029,435,21.44
San Isidro,DISTRICT 4,Male Children (0-4),263,21,7.98
San Isidro Labrador,DISTRICT 1,Male Children (0-4),248,28,11.29
San Jose,DISTRICT 1,Male Children (0-4),233,10,4.29
San Martin de Porres,DISTRICT 4,Male Children (0-4),465,38,8.17
San Roque,DISTRICT 3,Male Children (0-4),757,59,7.79
San Vicente,DISTRICT 4,Male Children (0-4),283,166,58.66
Sangandaan,DISTRICT 6,Male Children (0-4),834,213,25.54
Santol,DISTRICT 4,Male Children (0-4),255,87,34.12
Sauyo,DISTRICT 6,Male Children (0-4),3030,411,13.56
Sienna,DISTRICT 1,Male Children (0-4),80,45,56.25
Sikatuna Village,DISTRICT 4,Male Children (0-4),241,13,5.39
Silangan,DISTRICT 3,Male Children (0-4),191,68,35.6
Socorro,DISTRICT 3,Male Children (0-4),883,26,2.94
South Triangle,DISTRICT 4,Male Children (0-4),575,99,17.22
St. Ignatius,DISTRICT 3,Male Children (0-4),81,0,0.0
St. Peter,DISTRICT 1,Male Children (0-4),161,100,62.11
Sta. Cruz,DISTRICT 1,Male Children (0-4),157,61,38.85
Sta. Lucia,DISTRICT 5,Male Children (0-4),1122,395,35.2
Sta. Monica,DISTRICT 5,Male Children (0-4),2058,734,35.67
Sta. Teresita,DISTRICT 1,Male Children (0-4),467,56,11.99
Sto. Cristo,DISTRICT 1,Male Children (0-4),1023,227,22.19
Sto. Domingo (Matalahib),DISTRICT 1,Male Children (0-4),452,361,79.87
Sto. Niño,DISTRICT 4,Male Children (0-4),284,0,0.0
Tagumpay,DISTRICT 3,Male Children (0-4),90,45,50.0
Talayan,DISTRICT 1,Male Children (0-4),174,157,90.23
Talipapa,DISTRICT 6,Male Children (0-4),1541,275,17.85
Tandang Sora,DISTRICT 6,Male Children (0-4),3302,493,14.93
Tatalon,DISTRICT 4,Male Children (0-4),2194,1727,78.71
Teachers Village East,DISTRICT 4,Male Children (0-4),95,4,4.21
Teachers Village West,DISTRICT 4,Male Children (0-4),118,8,6.78
U. P. Campus,DISTRICT 4,Male Children (0-4),1879,229,12.19
U. P. Village,DISTRICT 4,Male Children (0-4),125,3,2.4
Ugong Norte,DISTRICT 3,Male Children (0-4),251,37,14.74
Unang Sigaw,DISTRICT 6,Male Children (0-4),260,74,28.46
Valencia,DISTRICT 4,Male Children (0-4),431,141,32.71
Vasra,DISTRICT 1,Male Children (0-4),292,132,45.21
Veterans Village,DISTRICT 1,Male Children (0-4),504,70,13.89
Villa Maria Clara,DISTRICT 3,Male Children (0-4),95,40,42.11
West Kamias,DISTRICT 3,Male Children (0-4),161,100,62.11
West Triangle,DISTRICT 1,Male Children (0-4),96,18,18.75
White Plains,DISTRICT 3,Male Children (0-4),141,22,15.6
Alicia,DISTRICT 1,Elderly (60+),558,158,28.32
Amihan,DISTRICT 3,Elderly (60+),319,100,31.35
Apolonio Samson,DISTRICT 6,Elderly (60+),3070,1338,43.58
Baesa,DISTRICT 6,Elderly (60+),5062,1630,32.2
Bagbag,DISTRICT 5,Elderly (60+),5865,1090,18.58
Bagong Lipunan ng Crame,DISTRICT 4,Elderly (60+),1604,244,15.21
Bagong Pag-asa,DISTRICT 1,Elderly (60+),2669,659,24.69
Bagong Silangan,DISTRICT 2,Elderly (60+),9740,1874,19.24
Bagumbayan,DISTRICT 3,Elderly (60+),2024,1146,56.62
Bagumbuhay,DISTRICT 3,Elderly (60+),578,153,26.47
Bahay Toro,DISTRICT 1,Elderly (60+),5441,1886,34.66
Balingasa,DISTRICT 1,Elderly (60+),1754,444,25.31
Balong-bato,DISTRICT 6,Elderly (60+),639,82,12.83
Batasan Hills,DISTRICT 2,Elderly (60+),15206,2674,17.59
Bayanihan,DISTRICT 3,Elderly (60+),56,0,0.0
Blue Ridge A,DISTRICT 3,Elderly (60+),143,9,6.29
Blue Ridge B,DISTRICT 3,Elderly (60+),98,15,15.31
Botocan,DISTRICT 4,Elderly (60+),603,216,35.82
Bungad,DISTRICT 1,Elderly (60+),642,124,19.31
Camp Aguinaldo,DISTRICT 3,Elderly (60+),299,20,6.69
Capri,DISTRICT 5,Elderly (60+),1171,992,84.71
Central,DISTRICT 4,Elderly (60+),1774,389,21.93
Claro (Quirino 3-B),DISTRICT 3,Elderly (60+),353,212,60.06
Commonwealth,DISTRICT 2,Elderly (60+),19459,1630,8.38
Culiat,DISTRICT 6,Elderly (60+),6180,2022,32.72
Damar,DISTRICT 1,Elderly (60+),86,20,23.26
Damayan,DISTRICT 1,Elderly (60+),546,182,33.33
Damayang Lagi,DISTRICT 4,Elderly (60+),1763,915,51.9
Del Monte,DISTRICT 1,Elderly (60+),933,352,37.73
Dioquino Zobel,DISTRICT 3,Elderly (60+),164,0,0.0
Don Manuel,DISTRICT 4,Elderly (60+),158,44,27.85
Doña Aurora,DISTRICT 4,Elderly (60+),388,0,0.0
Doña Imelda,DISTRICT 4,Elderly (60+),1067,943,88.38
Doña Josefa,DISTRICT 4,Elderly (60+),171,9,5.26
Duyan-duyan,DISTRICT 3,Elderly (60+),307,28,9.12
E. Rodriguez,DISTRICT 3,Elderly (60+),1581,343,21.7
East Kamias,DISTRICT 3,Elderly (60+),583,259,44.43
Escopa 1,DISTRICT 3,Elderly (60+),192,0,0.0
Escopa 2,DISTRICT 3,Elderly (60+),178,0,0.0
Escopa 3,DISTRICT 3,Elderly (60+),848,0,0.0
Escopa 4,DISTRICT 3,Elderly (60+),194,0,0.0
Fairview,DISTRICT 5,Elderly (60+),5622,766,13.63
Greater Lagro,DISTRICT 5,Elderly (60+),2142,164,7.66
Gulod,DISTRICT 5,Elderly (60+),5708,2160,37.84
Holy Spirit,DISTRICT 2,Elderly (60+),10209,963,9.43
Horseshoe,DISTRICT 4,Elderly (60+),260,58,22.31
Immaculate Concepcion,DISTRICT 4,Elderly (60+),730,144,19.73
Kaligayahan,DISTRICT 5,Elderly (60+),5505,360,6.54
Kalusugan,DISTRICT 4,Elderly (60+),434,217,50.0
Kamuning,DISTRICT 4,Elderly (60+),1106,379,34.27
Katipunan,DISTRICT 1,Elderly (60+),969,953,98.35
Kaunlaran,DISTRICT 4,Elderly (60+),1107,47,4.25
Kristong Hari,DISTRICT 4,Elderly (60+),546,234,42.86
Krus na Ligas,DISTRICT 4,Elderly (60+),1926,0,0.0
Laging Handa,DISTRICT 4,Elderly (60+),441,18,4.08
Libis,DISTRICT 3,Elderly (60+),383,130,33.94
Lourdes,DISTRICT 1,Elderly (60+),404,29,7.18
Loyola Heights,DISTRICT 3,Elderly (60+),1914,521,27.22
Maharlika,DISTRICT 1,Elderly (60+),396,249,62.88
Malaya,DISTRICT 4,Elderly (60+),236,0,0.0
Mangga,DISTRICT 3,Elderly (60+),84,67,79.76
Manresa,DISTRICT 1,Elderly (60+),1573,407,25.87
Mariana,DISTRICT 4,Elderly (60+),1047,84,8.02
Mariblo,DISTRICT 1,Elderly (60+),312,208,66.67
Marilag,DISTRICT 3,Elderly (60+),1151,68,5.91
Masagana,DISTRICT 3,Elderly (60+),379,154,40.63
Masambong,DISTRICT 1,Elderly (60+),797,687,86.2
Matandang Balara,DISTRICT 3,Elderly (60+),6341,615,9.7
Milagrosa,DISTRICT 3,Elderly (60+),618,92,14.89
N. S. Amoranto (Gintong Silahis),DISTRICT 1,Elderly (60+),535,135,25.23
Nagkaisang Nayon,DISTRICT 5,Elderly (60+),4892,1061,21.69
Nayong Kanluran,DISTRICT 1,Elderly (60+),225,39,17.33
New Era,DISTRICT 6,Elderly (60+),1205,136,11.29
North Fairview,DISTRICT 5,Elderly (60+),4051,661,16.32
Novaliches Proper,DISTRICT 5,Elderly (60+),1410,563,39.93
Obrero,DISTRICT 4,Elderly (60+),867,165,19.03
Old Capitol Site,DISTRICT 4,Elderly (60+),121,71,58.68
Paang Bundok,DISTRICT 1,Elderly (60+),439,17,3.87
Pag-ibig sa Nayon,DISTRICT 1,Elderly (60+),541,0,0.0
Paligsahan,DISTRICT 4,Elderly (60+),322,30,9.32
Paltok,DISTRICT 1,Elderly (60+),1658,624,37.64
Pansol,DISTRICT 3,Elderly (60+),3257,175,5.37
Paraiso,DISTRICT 1,Elderly (60+),322,84,26.09
Pasong Putik Proper,DISTRICT 5,Elderly (60+),3611,428,11.85
Pasong Tamo,DISTRICT 6,Elderly (60+),10098,1974,19.55
Payatas,DISTRICT 2,Elderly (60+),12753,1134,8.89
Phil-Am,DISTRICT 1,Elderly (60+),229,19,8.3
Pinagkaisahan,DISTRICT 4,Elderly (60+),398,56,14.07
Pinyahan,DISTRICT 4,Elderly (60+),1988,132,6.64
Project 6,DISTRICT 1,Elderly (60+),1079,214,19.83
Quirino 2-A,DISTRICT 3,Elderly (60+),420,171,40.71
Quirino 2-B,DISTRICT 3,Elderly (60+),357,129,36.13
Quirino 2-C,DISTRICT 3,Elderly (60+),290,155,53.45
Quirino 3-A,DISTRICT 3,Elderly (60+),97,21,21.65
Ramon Magsaysay,DISTRICT 1,Elderly (60+),1311,165,12.59
Reservoir,,Elderly (60+),602,72,11.96
Roxas,DISTRICT 4,Elderly (60+),970,258,26.6
Sacred Heart,DISTRICT 4,Elderly (60+),557,10,1.8
Salvacion,DISTRICT 1,Elderly (60+),610,59,9.67
San Agustin,DISTRICT 5,Elderly (60+),2317,219,9.45
San Antonio,DISTRICT 1,Elderly (60+),2030,850,41.87
San Bartolome,DISTRICT 5,Elderly (60+),4663,1001,21.47
San Isidro,DISTRICT 4,Elderly (60+),605,48,7.93
San Isidro Labrador,DISTRICT 1,Elderly (60+),570,65,11.4
San Jose,DISTRICT 1,Elderly (60+),534,24,4.49
San Martin de Porres,DISTRICT 4,Elderly (60+),1068,88,8.24
San Roque,DISTRICT 3,Elderly (60+),1740,136,7.82
San Vicente,DISTRICT 4,Elderly (60+),650,380,58.46
Sangandaan,DISTRICT 6,Elderly (60+),1916,489,25.52
Santol,DISTRICT 4,Elderly (60+),587,200,34.07
Sauyo,DISTRICT 6,Elderly (60+),6965,944,13.55
Sienna,DISTRICT 1,Elderly (60+),184,104,56.52
Sikatuna Village,DISTRICT 4,Elderly (60+),555,31,5.59
Silangan,DISTRICT 3,Elderly (60+),439,156,35.54
Socorro,DISTRICT 3,Elderly (60+),2030,61,3.0
South Triangle,DISTRICT 4,Elderly (60+),1322,227,17.17
St. Ignatius,DISTRICT 3,Elderly (60+),187,0,0.0
St. Peter,DISTRICT 1,Elderly (60+),370,230,62.16
Sta. Cruz,DISTRICT 1,Elderly (60+),360,141,39.17
Sta. Lucia,DISTRICT 5,Elderly (60+),2579,908,35.21
Sta. Monica,DISTRICT 5,Elderly (60+),4730,1687,35.67
Sta. Teresita,DISTRICT 1,Elderly (60+),1074,129,12.01
Sto. Cristo,DISTRICT 1,Elderly (60+),2352,522,22.19
Sto. Domingo (Matalahib),DISTRICT 1,Elderly (60+),1039,830,79.88
Sto. Niño,DISTRICT 4,Elderly (60+),653,0,0.0
Tagumpay,DISTRICT 3,Elderly (60+),208,104,50.0
Talayan,DISTRICT 1,Elderly (60+),401,361,90.02
Talipapa,DISTRICT 6,Elderly (60+),3527,630,17.86
Tandang Sora,DISTRICT 6,Elderly (60+),7590,1133,14.93
Tatalon,DISTRICT 4,Elderly (60+),5043,3969,78.7
Teachers Village East,DISTRICT 4,Elderly (60+),218,9,4.13
Teachers Village West,DISTRICT 4,Elderly (60+),272,17,6.25
U. P. Campus,DISTRICT 4,Elderly (60+),4318,525,12.16
U. P. Village,DISTRICT 4,Elderly (60+),288,7,2.43
Ugong Norte,DISTRICT 3,Elderly (60+),574,85,14.81
Unang Sigaw,DISTRICT 6,Elderly (60+),598,171,28.6
Valencia,DISTRICT 4,Elderly (60+),991,323,32.59
Vasra,DISTRICT 1,Elderly (60+),672,304,45.24
Veterans Village,DISTRICT 1,Elderly (60+),1158,161,13.9
Villa Maria Clara,DISTRICT 3,Elderly (60+),219,93,42.47
West Kamias,DISTRICT 3,Elderly (60+),369,230,62.33
West Triangle,DISTRICT 1,Elderly (60+),220,41,18.64
White Plains,DISTRICT 3,Elderly (60+),325,51,15.69
Alicia,DISTRICT 1,Female Elderly (60+),328,93,28.35
Amihan,DISTRICT 3,Female Elderly (60+),188,59,31.38
Apolonio Samson,DISTRICT 6,Female Elderly (60+),1806,787,43.58
Baesa,DISTRICT 6,Female Elderly (60+),2978,959,32.2
Bagbag,DISTRICT 5,Female Elderly (60+),3447,639,18.54
Bagong Lipunan ng Crame,DISTRICT 4,Female Elderly (60+),980,149,15.2
Bagong Pag-asa,DISTRICT 1,Female Elderly (60+),1570,388,24.71
Bagong Silangan,DISTRICT 2,Female Elderly (60+),5730,1103,19.25
Bagumbayan,DISTRICT 3,Female Elderly (60+),1191,674,56.59
Bagumbuhay,DISTRICT 3,Female Elderly (60+),340,90,26.47
Bahay Toro,DISTRICT 1,Female Elderly (60+),3201,1109,34.65
Balingasa,DISTRICT 1,Female Elderly (60+),1031,261,25.32
Balong-bato,DISTRICT 6,Female Elderly (60+),376,48,12.77
Batasan Hills,DISTRICT 2,Female Elderly (60+),8946,1573,17.58
Bayanihan,DISTRICT 3,Female Elderly (60+),33,0,0.0
Blue Ridge A,DISTRICT 3,Female Elderly (60+),84,5,5.95
Blue Ridge B,DISTRICT 3,Female Elderly (60+),57,9,15.79
Botocan,DISTRICT 4,Female Elderly (60+),355,127,35.77
Bungad,DISTRICT 1,Female Elderly (60+),378,73,19.31
Camp Aguinaldo,DISTRICT 3,Female Elderly (60+),176,12,6.82
Capri,DISTRICT 5,Female Elderly (60+),689,584,84.76
Central,DISTRICT 4,Female Elderly (60+),1044,229,21.93
Claro (Quirino 3-B),DISTRICT 3,Female Elderly (60+),208,125,60.1
Commonwealth,DISTRICT 2,Female Elderly (60+),11448,959,8.38
Culiat,DISTRICT 6,Female Elderly (60+),3636,1190,32.73
Damar,DISTRICT 1,Female Elderly (60+),51,12,23.53
Damayan,DISTRICT 1,Female Elderly (60+),321,107,33.33
Damayang Lagi,DISTRICT 4,Female Elderly (60+),1037,538,51.88
Del Monte,DISTRICT 1,Female Elderly (60+),549,207,37.7
Dioquino Zobel,DISTRICT 3,Female Elderly (60+),97,0,0.0
Don Manuel,DISTRICT 4,Female Elderly (60+),93,26,27.96
Doña Aurora,DISTRICT 4,Female Elderly (60+),228,0,0.0
Doña Imelda,DISTRICT 4,Female Elderly (60+),628,555,88.38
Doña Josefa,DISTRICT 4,Female Elderly (60+),100,6,6.0
Duyan-duyan,DISTRICT 3,Female Elderly (60+),180,16,8.89
E. Rodriguez,DISTRICT 3,Female Elderly (60+),930,202,21.72
East Kamias,DISTRICT 3,Female Elderly (60+),343,153,44.61
Escopa 1,DISTRICT 3,Female Elderly (60+),113,0,0.0
Escopa 2,DISTRICT 3,Female Elderly (60+),105,0,0.0
Escopa 3,DISTRICT 3,Female Elderly (60+),498,0,0.0
Escopa 4,DISTRICT 3,Female Elderly (60+),114,0,0.0
Fairview,DISTRICT 5,Female Elderly (60+),3308,450,13.6
Greater Lagro,DISTRICT 5,Female Elderly (60+),1260,96,7.62
Gulod,DISTRICT 5,Female Elderly (60+),3358,1271,37.85
Holy Spirit,DISTRICT 2,Female Elderly (60+),6006,566,9.42
Horseshoe,DISTRICT 4,Female Elderly (60+),153,34,22.22
Immaculate Concepcion,DISTRICT 4,Female Elderly (60+),430,85,19.77
Kaligayahan,DISTRICT 5,Female Elderly (60+),3237,212,6.55
Kalusugan,DISTRICT 4,Female Elderly (60+),256,127,49.61
Kamuning,DISTRICT 4,Female Elderly (60+),651,223,34.25
Katipunan,DISTRICT 1,Female Elderly (60+),570,561,98.42
Kaunlaran,DISTRICT 4,Female Elderly (60+),652,28,4.29
Kristong Hari,DISTRICT 4,Female Elderly (60+),321,138,42.99
Krus na Ligas,DISTRICT 4,Female Elderly (60+),1133,0,0.0
Laging Handa,DISTRICT 4,Female Elderly (60+),259,11,4.25
Libis,DISTRICT 3,Female Elderly (60+),225,77,34.22
Lourdes,DISTRICT 1,Female Elderly (60+),238,17,7.14
Loyola Heights,DISTRICT 3,Female Elderly (60+),1126,306,27.18
Maharlika,DISTRICT 1,Female Elderly (60+),233,146,62.66
Malaya,DISTRICT 4,Female Elderly (60+),139,0,0.0
Mangga,DISTRICT 3,Female Elderly (60+),50,39,78.0
Manresa,DISTRICT 1,Female Elderly (60+),926,239,25.81
Mariana,DISTRICT 4,Female Elderly (60+),616,49,7.95
Mariblo,DISTRICT 1,Female Elderly (60+),183,122,66.67
Marilag,DISTRICT 3,Female Elderly (60+),677,40,5.91
Masagana,DISTRICT 3,Female Elderly (60+),223,91,40.81
Masambong,DISTRICT 1,Female Elderly (60+),469,404,86.14
Matandang Balara,DISTRICT 3,Female Elderly (60+),3730,362,9.71
Milagrosa,DISTRICT 3,Female Elderly (60+),364,54,14.84
N. S. Amoranto (Gintong Silahis),DISTRICT 1,Female Elderly (60+),315,79,25.08
Nagkaisang Nayon,DISTRICT 5,Female Elderly (60+),2875,623,21.67
Nayong Kanluran,DISTRICT 1,Female Elderly (60+),132,23,17.42
New Era,DISTRICT 6,Female Elderly (60+),709,80,11.28
North Fairview,DISTRICT 5,Female Elderly (60+),2383,389,16.32
Novaliches Proper,DISTRICT 5,Female Elderly (60+),830,331,39.88
Obrero,DISTRICT 4,Female Elderly (60+),510,97,19.02
Old Capitol Site,DISTRICT 4,Female Elderly (60+),71,42,59.15
Paang Bundok,DISTRICT 1,Female Elderly (60+),258,10,3.88
Pag-ibig sa Nayon,DISTRICT 1,Female Elderly (60+),318,0,0.0
Paligsahan,DISTRICT 4,Female Elderly (60+),189,17,8.99
Paltok,DISTRICT 1,Female Elderly (60+),975,367,37.64
Pansol,DISTRICT 3,Female Elderly (60+),1916,103,5.38
Paraiso,DISTRICT 1,Female Elderly (60+),189,49,25.93
Pasong Putik Proper,DISTRICT 5,Female Elderly (60+),2122,252,11.88
Pasong Tamo,DISTRICT 6,Female Elderly (60+),5941,1161,19.54
Payatas,DISTRICT 2,Female Elderly (60+),7503,667,8.89
Phil-Am,DISTRICT 1,Female Elderly (60+),135,11,8.15
Pinagkaisahan,DISTRICT 4,Female Elderly (60+),234,33,14.1
Pinyahan,DISTRICT 4,Female Elderly (60+),1169,78,6.67
Project 6,DISTRICT 1,Female Elderly (60+),635,126,19.84
Quirino 2-A,DISTRICT 3,Female Elderly (60+),247,100,40.49
Quirino 2-B,DISTRICT 3,Female Elderly (60+),210,76,36.19
Quirino 2-C,DISTRICT 3,Female Elderly (60+),170,91,53.53
Quirino 3-A,DISTRICT 3,Female Elderly (60+),57,12,21.05
Ramon Magsaysay,DISTRICT 1,Female Elderly (60+),772,97,12.56
Reservoir,,Female Elderly (60+),354,42,11.86
Roxas,DISTRICT 4,Female Elderly (60+),570,152,26.67
Sacred Heart,DISTRICT 4,Female Elderly (60+),328,6,1.83
Salvacion,DISTRICT 1,Female Elderly (60+),359,35,9.75
San Agustin,DISTRICT 5,Female Elderly (60+),1363,129,9.46
San Antonio,DISTRICT 1,Female Elderly (60+),1195,500,41.84
San Bartolome,DISTRICT 5,Female Elderly (60+),2744,589,21.47
San Isidro,DISTRICT 4,Female Elderly (60+),356,28,7.87
San Isidro Labrador,DISTRICT 1,Female Elderly (60+),336,38,11.31
San Jose,DISTRICT 1,Female Elderly (60+),314,14,4.46
San Martin de Porres,DISTRICT 4,Female Elderly (60+),628,51,8.12
San Roque,DISTRICT 3,Female Elderly (60+),1023,80,7.82
San Vicente,DISTRICT 4,Female Elderly (60+),382,224,58.64
Sangandaan,DISTRICT 6,Female Elderly (60+),1127,288,25.55
Santol,DISTRICT 4,Female Elderly (60+),345,118,34.2
Sauyo,DISTRICT 6,Female Elderly (60+),4097,555,13.55
Sienna,DISTRICT 1,Female Elderly (60+),108,61,56.48
Sikatuna Village,DISTRICT 4,Female Elderly (60+),326,18,5.52
Silangan,DISTRICT 3,Female Elderly (60+),258,92,35.66
Socorro,DISTRICT 3,Female Elderly (60+),1194,36,3.02
South Triangle,DISTRICT 4,Female Elderly (60+),778,133,17.1
St. Ignatius,DISTRICT 3,Female Elderly (60+),110,0,0.0
St. Peter,DISTRICT 1,Female Elderly (60+),218,135,61.93
Sta. Cruz,DISTRICT 1,Female Elderly (60+),212,83,39.15
Sta. Lucia,DISTRICT 5,Female Elderly (60+),1517,534,35.2
Sta. Monica,DISTRICT 5,Female Elderly (60+),2782,993,35.69
Sta. Teresita,DISTRICT 1,Female Elderly (60+),632,76,12.03
Sto. Cristo,DISTRICT 1,Female Elderly (60+),1384,307,22.18
Sto. Domingo (Matalahib),DISTRICT 1,Female Elderly (60+),611,488,79.87
Sto. Niño,DISTRICT 4,Female Elderly (60+),384,0,0.0
Tagumpay,DISTRICT 3,Female Elderly (60+),122,61,50.0
Talayan,DISTRICT 1,Female Elderly (60+),236,212,89.83
Talipapa,DISTRICT 6,Female Elderly (60+),2072,370,17.86
Tandang Sora,DISTRICT 6,Female Elderly (60+),4465,667,14.94
Tatalon,DISTRICT 4,Female Elderly (60+),2967,2335,78.7
Teachers Village East,DISTRICT 4,Female Elderly (60+),128,5,3.91
Teachers Village West,DISTRICT 4,Female Elderly (60+),160,10,6.25
U. P. Campus,DISTRICT 4,Female Elderly (60+),2541,309,12.16
U. P. Village,DISTRICT 4,Female Elderly (60+),169,4,2.37
Ugong Norte,DISTRICT 3,Female Elderly (60+),338,50,14.79
Unang Sigaw,DISTRICT 6,Female Elderly (60+),352,100,28.41
Valencia,DISTRICT 4,Female Elderly (60+),583,190,32.59
Vasra,DISTRICT 1,Female Elderly (60+),395,179,45.32
Veterans Village,DISTRICT 1,Female Elderly (60+),681,95,13.95
Villa Maria Clara,DISTRICT 3,Female Elderly (60+),129,54,41.86
West Kamias,DISTRICT 3,Female Elderly (60+),217,135,62.21
West Triangle,DISTRICT 1,Female Elderly (60+),130,24,18.46
White Plains,DISTRICT 3,Female Elderly (60+),191,30,15.71
Alicia,DISTRICT 1,Male Elderly (60+),230,65,28.26
Amihan,DISTRICT 3,Male Elderly (60+),132,41,31.06
Apolonio Samson,DISTRICT 6,Male Elderly (60+),1264,551,43.59
Baesa,DISTRICT 6,Male Elderly (60+),2084,671,32.2
Bagbag,DISTRICT 5,Male Elderly (60+),2418,451,18.65
Bagong Lipunan ng Crame,DISTRICT 4,Male Elderly (60+),624,95,15.22
Bagong Pag-asa,DISTRICT 1,Male Elderly (60+),1099,271,24.66
Bagong Silangan,DISTRICT 2,Male Elderly (60+),4010,772,19.25
Bagumbayan,DISTRICT 3,Male Elderly (60+),833,472,56.66
Bagumbuhay,DISTRICT 3,Male Elderly (60+),238,63,26.47
Bahay Toro,DISTRICT 1,Male Elderly (60+),2240,776,34.64
Balingasa,DISTRICT 1,Male Elderly (60+),722,183,25.35
Balong-bato,DISTRICT 6,Male Elderly (60+),263,34,12.93
Batasan Hills,DISTRICT 2,Male Elderly (60+),6260,1101,17.59
Bayanihan,DISTRICT 3,Male Elderly (60+),23,0,0.0
Blue Ridge A,DISTRICT 3,Male Elderly (60+),59,4,6.78
Blue Ridge B,DISTRICT 3,Male Elderly (60+),40,6,15.0
Botocan,DISTRICT 4,Male Elderly (60+),248,89,35.89
Bungad,DISTRICT 1,Male Elderly (60+),264,51,19.32
Camp Aguinaldo,DISTRICT 3,Male Elderly (60+),123,8,6.5
Capri,DISTRICT 5,Male Elderly (60+),482,408,84.65
Central,DISTRICT 4,Male Elderly (60+),730,160,21.92
Claro (Quirino 3-B),DISTRICT 3,Male Elderly (60+),145,87,60.0
Commonwealth,DISTRICT 2,Male Elderly (60+),8011,671,8.38
Culiat,DISTRICT 6,Male Elderly (60+),2544,833,32.74
Damar,DISTRICT 1,Male Elderly (60+),36,8,22.22
Damayan,DISTRICT 1,Male Elderly (60+),225,75,33.33
Damayang Lagi,DISTRICT 4,Male Elderly (60+),726,377,51.93
Del Monte,DISTRICT 1,Male Elderly (60+),384,145,37.76
Dioquino Zobel,DISTRICT 3,Male Elderly (60+),68,0,0.0
Don Manuel,DISTRICT 4,Male Elderly (60+),65,18,27.69
Doña Aurora,DISTRICT 4,Male Elderly (60+),160,0,0.0
Doña Imelda,DISTRICT 4,Male Elderly (60+),439,388,88.38
Doña Josefa,DISTRICT 4,Male Elderly (60+),70,4,5.71
Duyan-duyan,DISTRICT 3,Male Elderly (60+),126,11,8.73
E. Rodriguez,DISTRICT 3,Male Elderly (60+),651,141,21.66
East Kamias,DISTRICT 3,Male Elderly (60+),240,107,44.58
Escopa 1,DISTRICT 3,Male Elderly (60+),79,0,0.0
Escopa 2,DISTRICT 3,Male Elderly (60+),73,0,0.0
Escopa 3,DISTRICT 3,Male Elderly (60+),349,0,0.0
Escopa 4,DISTRICT 3,Male Elderly (60+),80,0,0.0
Fairview,DISTRICT 5,Male Elderly (60+),2315,315,13.61
Greater Lagro,DISTRICT 5,Male Elderly (60+),882,67,7.6
Gulod,DISTRICT 5,Male Elderly (60+),2350,889,37.83
Holy Spirit,DISTRICT 2,Male Elderly (60+),4203,396,9.42
Horseshoe,DISTRICT 4,Male Elderly (60+),107,24,22.43
Immaculate Concepcion,DISTRICT 4,Male Elderly (60+),301,59,19.6
Kaligayahan,DISTRICT 5,Male Elderly (60+),2268,148,6.53
Kalusugan,DISTRICT 4,Male Elderly (60+),179,89,49.72
Kamuning,DISTRICT 4,Male Elderly (60+),455,156,34.29
Katipunan,DISTRICT 1,Male Elderly (60+),399,392,98.25
Kaunlaran,DISTRICT 4,Male Elderly (60+),456,19,4.17
Kristong Hari,DISTRICT 4,Male Elderly (60+),225,96,42.67
Krus na Ligas,DISTRICT 4,Male Elderly (60+),793,0,0.0
Laging Handa,DISTRICT 4,Male Elderly (60+),181,8,4.42
Libis,DISTRICT 3,Male Elderly (60+),157,54,34.39
Lourdes,DISTRICT 1,Male Elderly (60+),166,12,7.23
Loyola Heights,DISTRICT 3,Male Elderly (60+),788,214,27.16
Maharlika,DISTRICT 1,Male Elderly (60+),163,102,62.58
Malaya,DISTRICT 4,Male Elderly (60+),97,0,0.0
Mangga,DISTRICT 3,Male Elderly (60+),35,28,80.0
Manresa,DISTRICT 1,Male Elderly (60+),648,167,25.77
Mariana,DISTRICT 4,Male Elderly (60+),431,35,8.12
Mariblo,DISTRICT 1,Male Elderly (60+),128,85,66.41
Marilag,DISTRICT 3,Male Elderly (60+),474,28,5.91
Masagana,DISTRICT 3,Male Elderly (60+),156,64,41.03
Masambong,DISTRICT 1,Male Elderly (60+),328,283,86.28
Matandang Balara,DISTRICT 3,Male Elderly (60+),2611,253,9.69
Milagrosa,DISTRICT 3,Male Elderly (60+),254,38,14.96
N. S. Amoranto (Gintong Silahis),DISTRICT 1,Male Elderly (60+),220,55,25.0
Nagkaisang Nayon,DISTRICT 5,Male Elderly (60+),2017,438,21.72
Nayong Kanluran,DISTRICT 1,Male Elderly (60+),93,16,17.2
New Era,DISTRICT 6,Male Elderly (60+),496,56,11.29
North Fairview,DISTRICT 5,Male Elderly (60+),1668,272,16.31
Novaliches Proper,DISTRICT 5,Male Elderly (60+),581,232,39.93
Obrero,DISTRICT 4,Male Elderly (60+),357,68,19.05
Old Capitol Site,DISTRICT 4,Male Elderly (60+),50,29,58.0
Paang Bundok,DISTRICT 1,Male Elderly (60+),181,7,3.87
Pag-ibig sa Nayon,DISTRICT 1,Male Elderly (60+),223,0,0.0
Paligsahan,DISTRICT 4,Male Elderly (60+),133,12,9.02
Paltok,DISTRICT 1,Male Elderly (60+),683,257,37.63
Pansol,DISTRICT 3,Male Elderly (60+),1341,72,5.37
Paraiso,DISTRICT 1,Male Elderly (60+),133,35,26.32
Pasong Putik Proper,DISTRICT 5,Male Elderly (60+),1489,176,11.82
Pasong Tamo,DISTRICT 6,Male Elderly (60+),4157,813,19.56
Payatas,DISTRICT 2,Male Elderly (60+),5250,467,8.9
Phil-Am,DISTRICT 1,Male Elderly (60+),94,8,8.51
Pinagkaisahan,DISTRICT 4,Male Elderly (60+),164,23,14.02
Pinyahan,DISTRICT 4,Male Elderly (60+),818,54,6.6
Project 6,DISTRICT 1,Male Elderly (60+),444,88,19.82
Quirino 2-A,DISTRICT 3,Male Elderly (60+),173,70,40.46
Quirino 2-B,DISTRICT 3,Male Elderly (60+),147,53,36.05
Quirino 2-C,DISTRICT 3,Male Elderly (60+),119,64,53.78
Quirino 3-A,DISTRICT 3,Male Elderly (60+),40,9,22.5
Ramon Magsaysay,DISTRICT 1,Male Elderly (60+),540,68,12.59
Reservoir,,Male Elderly (60+),248,30,12.1
Roxas,DISTRICT 4,Male Elderly (60+),399,106,26.57
Sacred Heart,DISTRICT 4,Male Elderly (60+),229,4,1.75
Salvacion,DISTRICT 1,Male Elderly (60+),251,24,9.56
San Agustin,DISTRICT 5,Male Elderly (60+),954,90,9.43
San Antonio,DISTRICT 1,Male Elderly (60+),836,350,41.87
San Bartolome,DISTRICT 5,Male Elderly (60+),1920,412,21.46
San Isidro,DISTRICT 4,Male Elderly (60+),249,20,8.03
San Isidro Labrador,DISTRICT 1,Male Elderly (60+),235,27,11.49
San Jose,DISTRICT 1,Male Elderly (60+),220,10,4.55
San Martin de Porres,DISTRICT 4,Male Elderly (60+),440,36,8.18
San Roque,DISTRICT 3,Male Elderly (60+),716,56,7.82
San Vicente,DISTRICT 4,Male Elderly (60+),268,157,58.58
Sangandaan,DISTRICT 6,Male Elderly (60+),789,201,25.48
Santol,DISTRICT 4,Male Elderly (60+),241,83,34.44
Sauyo,DISTRICT 6,Male Elderly (60+),2867,389,13.57
Sienna,DISTRICT 1,Male Elderly (60+),76,43,56.58
Sikatuna Village,DISTRICT 4,Male Elderly (60+),228,13,5.7
Silangan,DISTRICT 3,Male Elderly (60+),181,64,35.36
Socorro,DISTRICT 3,Male Elderly (60+),836,25,2.99
South Triangle,DISTRICT 4,Male Elderly (60+),544,93,17.1
St. Ignatius,DISTRICT 3,Male Elderly (60+),77,0,0.0
St. Peter,DISTRICT 1,Male Elderly (60+),152,95,62.5
Sta. Cruz,DISTRICT 1,Male Elderly (60+),148,58,39.19
Sta. Lucia,DISTRICT 5,Male Elderly (60+),1062,374,35.22
Sta. Monica,DISTRICT 5,Male Elderly (60+),1947,695,35.7
Sta. Teresita,DISTRICT 1,Male Elderly (60+),442,53,11.99
Sto. Cristo,DISTRICT 1,Male Elderly (60+),968,215,22.21
Sto. Domingo (Matalahib),DISTRICT 1,Male Elderly (60+),428,342,79.91
Sto. Niño,DISTRICT 4,Male Elderly (60+),269,0,0.0
Tagumpay,DISTRICT 3,Male Elderly (60+),85,43,50.59
Talayan,DISTRICT 1,Male Elderly (60+),165,149,90.3
Talipapa,DISTRICT 6,Male Elderly (60+),1455,260,17.87
Tandang Sora,DISTRICT 6,Male Elderly (60+),3125,466,14.91
Tatalon,DISTRICT 4,Male Elderly (60+),2076,1634,78.71
Teachers Village East,DISTRICT 4,Male Elderly (60+),90,4,4.44
Teachers Village West,DISTRICT 4,Male Elderly (60+),112,7,6.25
U. P. Campus,DISTRICT 4,Male Elderly (60+),1778,216,12.15
U. P. Village,DISTRICT 4,Male Elderly (60+),118,3,2.54
Ugong Norte,DISTRICT 3,Male Elderly (60+),236,35,14.83
Unang Sigaw,DISTRICT 6,Male Elderly (60+),246,70,28.46
Valencia,DISTRICT 4,Male Elderly (60+),408,133,32.6
Vasra,DISTRICT 1,Male Elderly (60+),277,125,45.13
Veterans Village,DISTRICT 1,Male Elderly (60+),477,66,13.84
Villa Maria Clara,DISTRICT 3,Male Elderly (60+),90,38,42.22
West Kamias,DISTRICT 3,Male Elderly (60+),152,95,62.5
West Triangle,DISTRICT 1,Male Elderly (60+),91,17,18.68
White Plains,DISTRICT 3,Male Elderly (60+),134,21,15.67
Alicia,DISTRICT 1,Childcare Facilities,0,0,
Amihan,DISTRICT 3,Childcare Facilities,0,0,
Apolonio Samson,DISTRICT 6,Childcare Facilities,5,1,20.0
Baesa,DISTRICT 6,Childcare Facilities,7,5,71.43
Bagbag,DISTRICT 5,Childcare Facilities,7,0,0.0
Bagong Lipunan ng Crame,DISTRICT 4,Childcare Facilities,4,1,25.0
Bagong Pag-asa,DISTRICT 1,Childcare Facilities,5,0,0.0
Bagong Silangan,DISTRICT 2,Childcare Facilities,24,3,12.5
Bagumbayan,DISTRICT 3,Childcare Facilities,4,3,75.0
Bagumbuhay,DISTRICT 3,Childcare Facilities,2,1,50.0
Bahay Toro,DISTRICT 1,Childcare Facilities,21,3,14.29
Balingasa,DISTRICT 1,Childcare Facilities,5,1,20.0
Balong-bato,DISTRICT 6,Childcare Facilities,1,0,0.0
Batasan Hills,DISTRICT 2,Childcare Facilities,39,0,0.0
Bayanihan,DISTRICT 3,Childcare Facilities,3,0,0.0
Blue Ridge A,DISTRICT 3,Childcare Facilities,1,0,0.0
Blue Ridge B,DISTRICT 3,Childcare Facilities,1,1,100.0
Botocan,DISTRICT 4,Childcare Facilities,1,0,0.0
Bungad,DISTRICT 1,Childcare Facilities,7,0,0.0
Camp Aguinaldo,DISTRICT 3,Childcare Facilities,1,0,0.0
Capri,DISTRICT 5,Childcare Facilities,0,0,
Central,DISTRICT 4,Childcare Facilities,5,1,20.0
Claro (Quirino 3-B),DISTRICT 3,Childcare Facilities,1,0,0.0
Commonwealth,DISTRICT 2,Childcare Facilities,39,2,5.13
Culiat,DISTRICT 6,Childcare Facilities,8,3,37.5
Damar,DISTRICT 1,Childcare Facilities,0,0,
Damayan,DISTRICT 1,Childcare Facilities,2,0,0.0
Damayang Lagi,DISTRICT 4,Childcare Facilities,3,0,0.0
Del Monte,DISTRICT 1,Childcare Facilities,2,2,100.0
Dioquino Zobel,DISTRICT 3,Childcare Facilities,1,0,0.0
Don Manuel,DISTRICT 4,Childcare Facilities,3,1,33.33
Doña Aurora,DISTRICT 4,Childcare Facilities,3,0,0.0
Doña Imelda,DISTRICT 4,Childcare Facilities,5,5,100.0
Doña Josefa,DISTRICT 4,Childcare Facilities,4,1,25.0
Duyan-duyan,DISTRICT 3,Childcare Facilities,5,0,0.0
E. Rodriguez,DISTRICT 3,Childcare Facilities,7,1,14.29
East Kamias,DISTRICT 3,Childcare Facilities,1,1,100.0
Escopa 1,DISTRICT 3,Childcare Facilities,0,0,
Escopa 2,DISTRICT 3,Childcare Facilities,0,0,
Escopa 3,DISTRICT 3,Childcare Facilities,1,0,0.0
Escopa 4,DISTRICT 3,Childcare Facilities,2,0,0.0
Fairview,DISTRICT 5,Childcare Facilities,32,9,28.12
Greater Lagro,DISTRICT 5,Childcare Facilities,11,2,18.18
Gulod,DISTRICT 5,Childcare Facilities,10,3,30.0
Holy Spirit,DISTRICT 2,Childcare Facilities,32,2,6.25
Horseshoe,DISTRICT 4,Childcare Facilities,2,0,0.0
Immaculate Concepcion,DISTRICT 4,Childcare Facilities,4,0,0.0
Kaligayahan,DISTRICT 5,Childcare Facilities,12,1,8.33
Kalusugan,DISTRICT 4,Childcare Facilities,0,0,
Kamuning,DISTRICT 4,Childcare Facilities,3,1,33.33
Katipunan,DISTRICT 1,Childcare Facilities,1,1,100.0
Kaunlaran,DISTRICT 4,Childcare Facilities,2,0,0.0
Kristong Hari,DISTRICT 4,Childcare Facilities,2,1,50.0
Krus na Ligas,DISTRICT 4,Childcare Facilities,4,0,0.0
Laging Handa,DISTRICT 4,Childcare Facilities,3,0,0.0
Libis,DISTRICT 3,Childcare Facilities,1,0,0.0
Lourdes,DISTRICT 1,Childcare Facilities,4,0,0.0
Loyola Heights,DISTRICT 3,Childcare Facilities,16,5,31.25
Maharlika,DISTRICT 1,Childcare Facilities,4,2,50.0
Malaya,DISTRICT 4,Childcare Facilities,3,0,0.0
Mangga,DISTRICT 3,Childcare Facilities,1,1,100.0
Manresa,DISTRICT 1,Childcare Facilities,7,2,28.57
Mariana,DISTRICT 4,Childcare Facilities,9,0,0.0
Mariblo,DISTRICT 1,Childcare Facilities,3,3,100.0
Marilag,DISTRICT 3,Childcare Facilities,4,1,25.0
Masagana,DISTRICT 3,Childcare Facilities,1,0,0.0
Masambong,DISTRICT 1,Childcare Facilities,2,2,100.0
Matandang Balara,DISTRICT 3,Childcare Facilities,28,5,17.86
Milagrosa,DISTRICT 3,Childcare Facilities,7,1,14.29
N. S. Amoranto (Gintong Silahis),DISTRICT 1,Childcare Facilities,2,1,50.0
Nagkaisang Nayon,DISTRICT 5,Childcare Facilities,11,5,45.45
Nayong Kanluran,DISTRICT 1,Childcare Facilities,1,0,0.0
New Era,DISTRICT 6,Childcare Facilities,2,0,0.0
North Fairview,DISTRICT 5,Childcare Facilities,11,1,9.09
Novaliches Proper,DISTRICT 5,Childcare Facilities,8,3,37.5
Obrero,DISTRICT 4,Childcare Facilities,2,0,0.0
Old Capitol Site,DISTRICT 4,Childcare Facilities,0,0,
Paang Bundok,DISTRICT 1,Childcare Facilities,2,0,0.0
Pag-ibig sa Nayon,DISTRICT 1,Childcare Facilities,1,0,0.0
Paligsahan,DISTRICT 4,Childcare Facilities,6,0,0.0
Paltok,DISTRICT 1,Childcare Facilities,2,1,50.0
Pansol,DISTRICT 3,Childcare Facilities,4,1,25.0
Paraiso,DISTRICT 1,Childcare Facilities,0,0,
Pasong Putik Proper,DISTRICT 5,Childcare Facilities,7,2,28.57
Pasong Tamo,DISTRICT 6,Childcare Facilities,27,3,11.11
Payatas,DISTRICT 2,Childcare Facilities,28,0,0.0
Phil-Am,DISTRICT 1,Childcare Facilities,1,0,0.0
Pinagkaisahan,DISTRICT 4,Childcare Facilities,3,0,0.0
Pinyahan,DISTRICT 4,Childcare Facilities,3,0,0.0
Project 6,DISTRICT 1,Childcare Facilities,7,1,14.29
Quirino 2-A,DISTRICT 3,Childcare Facilities,2,1,50.0
Quirino 2-B,DISTRICT 3,Childcare Facilities,2,2,100.0
Quirino 2-C,DISTRICT 3,Childcare Facilities,0,0,
Quirino 3-A,DISTRICT 3,Childcare Facilities,1,0,0.0
Ramon Magsaysay,DISTRICT 1,Childcare Facilities,1,0,0.0
Reservoir,,Childcare Facilities,0,0,
Roxas,DISTRICT 4,Childcare Facilities,3,0,0.0
Sacred Heart,DISTRICT 4,Childcare Facilities,5,0,0.0
Salvacion,DISTRICT 1,Childcare Facilities,2,0,0.0
San Agustin,DISTRICT 5,Childcare Facilities,7,0,0.0
San Antonio,DISTRICT 1,Childcare Facilities,3,2,66.67
San Bartolome,DISTRICT 5,Childcare Facilities,14,3,21.43
San Isidro,DISTRICT 4,Childcare Facilities,2,0,0.0
San Isidro Labrador,DISTRICT 1,Childcare Facilities,2,1,50.0
San Jose,DISTRICT 1,Childcare Facilities,1,0,0.0
San Martin de Porres,DISTRICT 4,Childcare Facilities,0,0,
San Roque,DISTRICT 3,Childcare Facilities,2,0,0.0
San Vicente,DISTRICT 4,Childcare Facilities,2,1,50.0
Sangandaan,DISTRICT 6,Childcare Facilities,7,0,0.0
Santol,DISTRICT 4,Childcare Facilities,1,1,100.0
Sauyo,DISTRICT 6,Childcare Facilities,8,1,12.5
Sienna,DISTRICT 1,Childcare Facilities,3,3,100.0
Sikatuna Village,DISTRICT 4,Childcare Facilities,1,0,0.0
Silangan,DISTRICT 3,Childcare Facilities,4,3,75.0
Socorro,DISTRICT 3,Childcare Facilities,6,0,0.0
South Triangle,DISTRICT 4,Childcare Facilities,8,2,25.0
St. Ignatius,DISTRICT 3,Childcare Facilities,0,0,
St. Peter,DISTRICT 1,Childcare Facilities,0,0,
Sta. Cruz,DISTRICT 1,Childcare Facilities,2,1,50.0
Sta. Lucia,DISTRICT 5,Childcare Facilities,7,3,42.86
Sta. Monica,DISTRICT 5,Childcare Facilities,9,1,11.11
Sta. Teresita,DISTRICT 1,Childcare Facilities,3,0,0.0
Sto. Cristo,DISTRICT 1,Childcare Facilities,7,1,14.29
Sto. Domingo (Matalahib),DISTRICT 1,Childcare Facilities,3,3,100.0
Sto. Niño,DISTRICT 4,Childcare Facilities,2,0,0.0
Tagumpay,DISTRICT 3,Childcare Facilities,0,0,
Talayan,DISTRICT 1,Childcare Facilities,4,4,100.0
Talipapa,DISTRICT 6,Childcare Facilities,10,2,20.0
Tandang Sora,DISTRICT 6,Childcare Facilities,20,5,25.0
Tatalon,DISTRICT 4,Childcare Facilities,6,5,83.33
Teachers Village East,DISTRICT 4,Childcare Facilities,2,0,0.0
Teachers Village West,DISTRICT 4,Childcare Facilities,1,0,0.0
U. P. Campus,DISTRICT 4,Childcare Facilities,16,2,12.5
U. P. Village,DISTRICT 4,Childcare Facilities,4,0,0.0
Ugong Norte,DISTRICT 3,Childcare Facilities,5,1,20.0
Unang Sigaw,DISTRICT 6,Childcare Facilities,1,1,100.0
Valencia,DISTRICT 4,Childcare Facilities,0,0,
Vasra,DISTRICT 1,Childcare Facilities,3,2,66.67
Veterans Village,DISTRICT 1,Childcare Facilities,5,0,0.0
Villa Maria Clara,DISTRICT 3,Childcare Facilities,1,0,0.0
West Kamias,DISTRICT 3,Childcare Facilities,3,3,100.0
West Triangle,DISTRICT 1,Childcare Facilities,1,0,0.0
White Plains,DISTRICT 3,Childcare Facilities,5,1,20.0
Alicia,DISTRICT 1,Elderly Care Facilities,0,0,
Amihan,DISTRICT 3,Elderly Care Facilities,0,0,
Apolonio Samson,DISTRICT 6,Elderly Care Facilities,0,0,
Baesa,DISTRICT 6,Elderly Care Facilities,0,0,
Bagbag,DISTRICT 5,Elderly Care Facilities,0,0,
Bagong Lipunan ng Crame,DISTRICT 4,Elderly Care Facilities,0,0,
Bagong Pag-asa,DISTRICT 1,Elderly Care Facilities,0,0,
Bagong Silangan,DISTRICT 2,Elderly Care Facilities,0,0,
Bagumbayan,DISTRICT 3,Elderly Care Facilities,0,0,
Bagumbuhay,DISTRICT 3,Elderly Care Facilities,0,0,
Bahay Toro,DISTRICT 1,Elderly Care Facilities,2,1,50.0
Balingasa,DISTRICT 1,Elderly Care Facilities,0,0,
Balong-bato,DISTRICT 6,Elderly Care Facilities,0,0,
Batasan Hills,DISTRICT 2,Elderly Care Facilities,3,0,0.0
Bayanihan,DISTRICT 3,Elderly Care Facilities,0,0,
Blue Ridge A,DISTRICT 3,Elderly Care Facilities,0,0,
Blue Ridge B,DISTRICT 3,Elderly Care Facilities,0,0,
Botocan,DISTRICT 4,Elderly Care Facilities,0,0,
Bungad,DISTRICT 1,Elderly Care Facilities,0,0,
Camp Aguinaldo,DISTRICT 3,Elderly Care Facilities,0,0,
Capri,DISTRICT 5,Elderly Care Facilities,0,0,
Central,DISTRICT 4,Elderly Care Facilities,0,0,
Claro (Quirino 3-B),DISTRICT 3,Elderly Care Facilities,0,0,
Commonwealth,DISTRICT 2,Elderly Care Facilities,0,0,
Culiat,DISTRICT 6,Elderly Care Facilities,0,0,
Damar,DISTRICT 1,Elderly Care Facilities,0,0,
Damayan,DISTRICT 1,Elderly Care Facilities,0,0,
Damayang Lagi,DISTRICT 4,Elderly Care Facilities,0,0,
Del Monte,DISTRICT 1,Elderly Care Facilities,0,0,
Dioquino Zobel,DISTRICT 3,Elderly Care Facilities,0,0,
Don Manuel,DISTRICT 4,Elderly Care Facilities,0,0,
Doña Aurora,DISTRICT 4,Elderly Care Facilities,0,0,
Doña Imelda,DISTRICT 4,Elderly Care Facilities,0,0,
Doña Josefa,DISTRICT 4,Elderly Care Facilities,0,0,
Duyan-duyan,DISTRICT 3,Elderly Care Facilities,0,0,
E. Rodriguez,DISTRICT 3,Elderly Care Facilities,0,0,
East Kamias,DISTRICT 3,Elderly Care Facilities,0,0,
Escopa 1,DISTRICT 3,Elderly Care Facilities,0,0,
Escopa 2,DISTRICT 3,Elderly Care Facilities,0,0,
Escopa 3,DISTRICT 3,Elderly Care Facilities,0,0,
Escopa 4,DISTRICT 3,Elderly Care Facilities,0,0,
Fairview,DISTRICT 5,Elderly Care Facilities,3,0,0.0
Greater Lagro,DISTRICT 5,Elderly Care Facilities,0,0,
Gulod,DISTRICT 5,Elderly Care Facilities,1,0,0.0
Holy Spirit,DISTRICT 2,Elderly Care Facilities,2,1,50.0
Horseshoe,DISTRICT 4,Elderly Care Facilities,0,0,
Immaculate Concepcion,DISTRICT 4,Elderly Care Facilities,0,0,
Kaligayahan,DISTRICT 5,Elderly Care Facilities,0,0,
Kalusugan,DISTRICT 4,Elderly Care Facilities,1,0,0.0
Kamuning,DISTRICT 4,Elderly Care Facilities,0,0,
Katipunan,DISTRICT 1,Elderly Care Facilities,0,0,
Kaunlaran,DISTRICT 4,Elderly Care Facilities,1,0,0.0
Kristong Hari,DISTRICT 4,Elderly Care Facilities,1,0,0.0
Krus na Ligas,DISTRICT 4,Elderly Care Facilities,0,0,
Laging Handa,DISTRICT 4,Elderly Care Facilities,0,0,
Libis,DISTRICT 3,Elderly Care Facilities,0,0,
Lourdes,DISTRICT 1,Elderly Care Facilities,0,0,
Loyola Heights,DISTRICT 3,Elderly Care Facilities,0,0,
Maharlika,DISTRICT 1,Elderly Care Facilities,0,0,
Malaya,DISTRICT 4,Elderly Care Facilities,0,0,
Mangga,DISTRICT 3,Elderly Care Facilities,0,0,
Manresa,DISTRICT 1,Elderly Care Facilities,0,0,
Mariana,DISTRICT 4,Elderly Care Facilities,1,0,0.0
Mariblo,DISTRICT 1,Elderly Care Facilities,0,0,
Marilag,DISTRICT 3,Elderly Care Facilities,0,0,
Masagana,DISTRICT 3,Elderly Care Facilities,0,0,
Masambong,DISTRICT 1,Elderly Care Facilities,0,0,
Matandang Balara,DISTRICT 3,Elderly Care Facilities,0,0,
Milagrosa,DISTRICT 3,Elderly Care Facilities,0,0,
N. S. Amoranto (Gintong Silahis),DISTRICT 1,Elderly Care Facilities,0,0,
Nagkaisang Nayon,DISTRICT 5,Elderly Care Facilities,0,0,
Nayong Kanluran,DISTRICT 1,Elderly Care Facilities,0,0,
New Era,DISTRICT 6,Elderly Care Facilities,0,0,
North Fairview,DISTRICT 5,Elderly Care Facilities,2,0,0.0
Novaliches Proper,DISTRICT 5,Elderly Care Facilities,0,0,
Obrero,DISTRICT 4,Elderly Care Facilities,0,0,
Old Capitol Site,DISTRICT 4,Elderly Care Facilities,0,0,
Paang Bundok,DISTRICT 1,Elderly Care Facilities,0,0,
Pag-ibig sa Nayon,DISTRICT 1,Elderly Care Facilities,0,0,
Paligsahan,DISTRICT 4,Elderly Care Facilities,0,0,
Paltok,DISTRICT 1,Elderly Care Facilities,0,0,
Pansol,DISTRICT 3,Elderly Care Facilities,0,0,
Paraiso,DISTRICT 1,Elderly Care Facilities,0,0,
Pasong Putik Proper,DISTRICT 5,Elderly Care Facilities,0,0,
Pasong Tamo,DISTRICT 6,Elderly Care Facilities,1,0,0.0
Payatas,DISTRICT 2,Elderly Care Facilities,0,0,
Phil-Am,DISTRICT 1,Elderly Care Facilities,2,0,0.0
Pinagkaisahan,DISTRICT 4,Elderly Care Facilities,0,0,
Pinyahan,DISTRICT 4,Elderly Care Facilities,1,0,0.0
Project 6,DISTRICT 1,Elderly Care Facilities,0,0,
Quirino 2-A,DISTRICT 3,Elderly Care Facilities,0,0,
Quirino 2-B,DISTRICT 3,Elderly Care Facilities,1,0,0.0
Quirino 2-C,DISTRICT 3,Elderly Care Facilities,0,0,
Quirino 3-A,DISTRICT 3,Elderly Care Facilities,0,0,
Ramon Magsaysay,DISTRICT 1,Elderly Care Facilities,0,0,
Reservoir,,Elderly Care Facilities,0,0,
Roxas,DISTRICT 4,Elderly Care Facilities,0,0,
Sacred Heart,DISTRICT 4,Elderly Care Facilities,0,0,
Salvacion,DISTRICT 1,Elderly Care Facilities,0,0,
San Agustin,DISTRICT 5,Elderly Care Facilities,0,0,
San Antonio,DISTRICT 1,Elderly Care Facilities,1,0,0.0
San Bartolome,DISTRICT 5,Elderly Care Facilities,0,0,
San Isidro,DISTRICT 4,Elderly Care Facilities,0,0,
San Isidro Labrador,DISTRICT 1,Elderly Care Facilities,0,0,
San Jose,DISTRICT 1,Elderly Care Facilities,0,0,
San Martin de Porres,DISTRICT 4,Elderly Care Facilities,0,0,
San Roque,DISTRICT 3,Elderly Care Facilities,0,0,
San Vicente,DISTRICT 4,Elderly Care Facilities,0,0,
Sangandaan,DISTRICT 6,Elderly Care Facilities,0,0,
Santol,DISTRICT 4,Elderly Care Facilities,1,1,100.0
Sauyo,DISTRICT 6,Elderly Care Facilities,0,0,
Sienna,DISTRICT 1,Elderly Care Facilities,0,0,
Sikatuna Village,DISTRICT 4,Elderly Care Facilities,1,0,0.0
Silangan,DISTRICT 3,Elderly Care Facilities,0,0,
Socorro,DISTRICT 3,Elderly Care Facilities,0,0,
South Triangle,DISTRICT 4,Elderly Care Facilities,1,0,0.0
St. Ignatius,DISTRICT 3,Elderly Care Facilities,0,0,
St. Peter,DISTRICT 1,Elderly Care Facilities,0,0,
Sta. Cruz,DISTRICT 1,Elderly Care Facilities,0,0,
Sta. Lucia,DISTRICT 5,Elderly Care Facilities,0,0,
Sta. Monica,DISTRICT 5,Elderly Care Facilities,0,0,
Sta. Teresita,DISTRICT 1,Elderly Care Facilities,0,0,
Sto. Cristo,DISTRICT 1,Elderly Care Facilities,1,1,100.0
Sto. Domingo (Matalahib),DISTRICT 1,Elderly Care Facilities,0,0,
Sto. Niño,DISTRICT 4,Elderly Care Facilities,0,0,
Tagumpay,DISTRICT 3,Elderly Care Facilities,0,0,
Talayan,DISTRICT 1,Elderly Care Facilities,0,0,
Talipapa,DISTRICT 6,Elderly Care Facilities,0,0,
Tandang Sora,DISTRICT 6,Elderly Care Facilities,2,2,100.0
Tatalon,DISTRICT 4,Elderly Care Facilities,0,0,
Teachers Village East,DISTRICT 4,Elderly Care Facilities,1,0,0.0
Teachers Village West,DISTRICT 4,Elderly Care Facilities,0,0,
U. P. Campus,DISTRICT 4,Elderly Care Facilities,0,0,
U. P. Village,DISTRICT 4,Elderly Care Facilities,0,0,
Ugong Norte,DISTRICT 3,Elderly Care Facilities,0,0,
Unang Sigaw,DISTRICT 6,Elderly Care Facilities,0,0,
Valencia,DISTRICT 4,Elderly Care Facilities,0,0,
Vasra,DISTRICT 1,Elderly Care Facilities,0,0,
Veterans Village,DISTRICT 1,Elderly Care Facilities,0,0,
Villa Maria Clara,DISTRICT 3,Elderly Care Facilities,0,0,
West Kamias,DISTRICT 3,Elderly Care Facilities,0,0,
West Triangle,DISTRICT 1,Elderly Care Facilities,0,0,
White Plains,DISTRICT 3,Elderly Care Facilities,0,0,
Alicia,DISTRICT 1,PwD Facilities,0,0,
Amihan,DISTRICT 3,PwD Facilities,0,0,
Apolonio Samson,DISTRICT 6,PwD Facilities,0,0,
Baesa,DISTRICT 6,PwD Facilities,0,0,
Bagbag,DISTRICT 5,PwD Facilities,0,0,
Bagong Lipunan ng Crame,DISTRICT 4,PwD Facilities,1,0,0.0
Bagong Pag-asa,DISTRICT 1,PwD Facilities,0,0,
Bagong Silangan,DISTRICT 2,PwD Facilities,0,0,
Bagumbayan,DISTRICT 3,PwD Facilities,1,1,100.0
Bagumbuhay,DISTRICT 3,PwD Facilities,0,0,
Bahay Toro,DISTRICT 1,PwD Facilities,3,0,0.0
Balingasa,DISTRICT 1,PwD Facilities,1,0,0.0
Balong-bato,DISTRICT 6,PwD Facilities,0,0,
Batasan Hills,DISTRICT 2,PwD Facilities,1,0,0.0
Bayanihan,DISTRICT 3,PwD Facilities,0,0,
Blue Ridge A,DISTRICT 3,PwD Facilities,0,0,
Blue Ridge B,DISTRICT 3,PwD Facilities,1,0,0.0
Botocan,DISTRICT 4,PwD Facilities,0,0,
Bungad,DISTRICT 1,PwD Facilities,0,0,
Camp Aguinaldo,DISTRICT 3,PwD Facilities,0,0,
Capri,DISTRICT 5,PwD Facilities,0,0,
Central,DISTRICT 4,PwD Facilities,0,0,
Claro (Quirino 3-B),DISTRICT 3,PwD Facilities,0,0,
Commonwealth,DISTRICT 2,PwD Facilities,0,0,
Culiat,DISTRICT 6,PwD Facilities,0,0,
Damar,DISTRICT 1,PwD Facilities,0,0,
Damayan,DISTRICT 1,PwD Facilities,0,0,
Damayang Lagi,DISTRICT 4,PwD Facilities,0,0,
Del Monte,DISTRICT 1,PwD Facilities,0,0,
Dioquino Zobel,DISTRICT 3,PwD Facilities,0,0,
Don Manuel,DISTRICT 4,PwD Facilities,0,0,
Doña Aurora,DISTRICT 4,PwD Facilities,0,0,
Doña Imelda,DISTRICT 4,PwD Facilities,1,1,100.0
Doña Josefa,DISTRICT 4,PwD Facilities,1,0,0.0
Duyan-duyan,DISTRICT 3,PwD Facilities,0,0,
E. Rodriguez,DISTRICT 3,PwD Facilities,0,0,
East Kamias,DISTRICT 3,PwD Facilities,0,0,
Escopa 1,DISTRICT 3,PwD Facilities,0,0,
Escopa 2,DISTRICT 3,PwD Facilities,0,0,
Escopa 3,DISTRICT 3,PwD Facilities,0,0,
Escopa 4,DISTRICT 3,PwD Facilities,0,0,
Fairview,DISTRICT 5,PwD Facilities,3,1,33.33
Greater Lagro,DISTRICT 5,PwD Facilities,2,0,0.0
Gulod,DISTRICT 5,PwD Facilities,0,0,
Holy Spirit,DISTRICT 2,PwD Facilities,1,0,0.0
Horseshoe,DISTRICT 4,PwD Facilities,0,0,
Immaculate Concepcion,DISTRICT 4,PwD Facilities,1,0,0.0
Kaligayahan,DISTRICT 5,PwD Facilities,1,0,0.0
Kalusugan,DISTRICT 4,PwD Facilities,0,0,
Kamuning,DISTRICT 4,PwD Facilities,2,1,50.0
Katipunan,DISTRICT 1,PwD Facilities,0,0,
Kaunlaran,DISTRICT 4,PwD Facilities,0,0,
Kristong Hari,DISTRICT 4,PwD Facilities,1,0,0.0
Krus na Ligas,DISTRICT 4,PwD Facilities,1,0,0.0
Laging Handa,DISTRICT 4,PwD Facilities,1,0,0.0
Libis,DISTRICT 3,PwD Facilities,0,0,
Lourdes,DISTRICT 1,PwD Facilities,0,0,
Loyola Heights,DISTRICT 3,PwD Facilities,2,0,0.0
Maharlika,DISTRICT 1,PwD Facilities,1,1,100.0
Malaya,DISTRICT 4,PwD Facilities,0,0,
Mangga,DISTRICT 3,PwD Facilities,0,0,
Manresa,DISTRICT 1,PwD Facilities,0,0,
Mariana,DISTRICT 4,PwD Facilities,1,0,0.0
Mariblo,DISTRICT 1,PwD Facilities,0,0,
Marilag,DISTRICT 3,PwD Facilities,0,0,
Masagana,DISTRICT 3,PwD Facilities,0,0,
Masambong,DISTRICT 1,PwD Facilities,0,0,
Matandang Balara,DISTRICT 3,PwD Facilities,1,0,0.0
Milagrosa,DISTRICT 3,PwD Facilities,0,0,
N. S. Amoranto (Gintong Silahis),DISTRICT 1,PwD Facilities,0,0,
Nagkaisang Nayon,DISTRICT 5,PwD Facilities,0,0,
Nayong Kanluran,DISTRICT 1,PwD Facilities,0,0,
New Era,DISTRICT 6,PwD Facilities,0,0,
North Fairview,DISTRICT 5,PwD Facilities,2,0,0.0
Novaliches Proper,DISTRICT 5,PwD Facilities,0,0,
Obrero,DISTRICT 4,PwD Facilities,0,0,
Old Capitol Site,DISTRICT 4,PwD Facilities,0,0,
Paang Bundok,DISTRICT 1,PwD Facilities,0,0,
Pag-ibig sa Nayon,DISTRICT 1,PwD Facilities,0,0,
Paligsahan,DISTRICT 4,PwD Facilities,0,0,
Paltok,DISTRICT 1,PwD Facilities,0,0,
Pansol,DISTRICT 3,PwD Facilities,0,0,
Paraiso,DISTRICT 1,PwD Facilities,0,0,
Pasong Putik Proper,DISTRICT 5,PwD Facilities,1,0,0.0
Pasong Tamo,DISTRICT 6,PwD Facilities,2,0,0.0
Payatas,DISTRICT 2,PwD Facilities,0,0,
Phil-Am,DISTRICT 1,PwD Facilities,0,0,
Pinagkaisahan,DISTRICT 4,PwD Facilities,0,0,
Pinyahan,DISTRICT 4,PwD Facilities,0,0,
Project 6,DISTRICT 1,PwD Facilities,0,0,
Quirino 2-A,DISTRICT 3,PwD Facilities,0,0,
Quirino 2-B,DISTRICT 3,PwD Facilities,1,1,100.0
Quirino 2-C,DISTRICT 3,PwD Facilities,0,0,
Quirino 3-A,DISTRICT 3,PwD Facilities,0,0,
Ramon Magsaysay,DISTRICT 1,PwD Facilities,1,0,0.0
Reservoir,,PwD Facilities,0,0,
Roxas,DISTRICT 4,PwD Facilities,0,0,
Sacred Heart,DISTRICT 4,PwD Facilities,2,0,0.0
Salvacion,DISTRICT 1,PwD Facilities,0,0,
San Agustin,DISTRICT 5,PwD Facilities,0,0,
San Antonio,DISTRICT 1,PwD Facilities,0,0,
San Bartolome,DISTRICT 5,PwD Facilities,0,0,
San Isidro,DISTRICT 4,PwD Facilities,0,0,
San Isidro Labrador,DISTRICT 1,PwD Facilities,0,0,
San Jose,DISTRICT 1,PwD Facilities,0,0,
San Martin de Porres,DISTRICT 4,PwD Facilities,0,0,
San Roque,DISTRICT 3,PwD Facilities,2,0,0.0
San Vicente,DISTRICT 4,PwD Facilities,0,0,
Sangandaan,DISTRICT 6,PwD Facilities,1,0,0.0
Santol,DISTRICT 4,PwD Facilities,0,0,
Sauyo,DISTRICT 6,PwD Facilities,0,0,
Sienna,DISTRICT 1,PwD Facilities,2,2,100.0
Sikatuna Village,DISTRICT 4,PwD Facilities,0,0,
Silangan,DISTRICT 3,PwD Facilities,0,0,
Socorro,DISTRICT 3,PwD Facilities,0,0,
South Triangle,DISTRICT 4,PwD Facilities,0,0,
St. Ignatius,DISTRICT 3,PwD Facilities,0,0,
St. Peter,DISTRICT 1,PwD Facilities,0,0,
Sta. Cruz,DISTRICT 1,PwD Facilities,1,0,0.0
Sta. Lucia,DISTRICT 5,PwD Facilities,0,0,
Sta. Monica,DISTRICT 5,PwD Facilities,1,0,0.0
Sta. Teresita,DISTRICT 1,PwD Facilities,1,1,100.0
Sto. Cristo,DISTRICT 1,PwD Facilities,1,0,0.0
Sto. Domingo (Matalahib),DISTRICT 1,PwD Facilities,3,1,33.33
Sto. Niño,DISTRICT 4,PwD Facilities,0,0,
Tagumpay,DISTRICT 3,PwD Facilities,0,0,
Talayan,DISTRICT 1,PwD Facilities,0,0,
Talipapa,DISTRICT 6,PwD Facilities,0,0,
Tandang Sora,DISTRICT 6,PwD Facilities,0,0,
Tatalon,DISTRICT 4,PwD Facilities,0,0,
Teachers Village East,DISTRICT 4,PwD Facilities,1,0,0.0
Teachers Village West,DISTRICT 4,PwD Facilities,0,0,
U. P. Campus,DISTRICT 4,PwD Facilities,0,0,
U. P. Village,DISTRICT 4,PwD Facilities,0,0,
Ugong Norte,DISTRICT 3,PwD Facilities,1,1,100.0
Unang Sigaw,DISTRICT 6,PwD Facilities,0,0,
Valencia,DISTRICT 4,PwD Facilities,1,0,0.0
Vasra,DISTRICT 1,PwD Facilities,0,0,
Veterans Village,DISTRICT 1,PwD Facilities,0,0,
Villa Maria Clara,DISTRICT 3,PwD Facilities,0,0,
West Kamias,DISTRICT 3,PwD Facilities,0,0,
West Triangle,DISTRICT 1,PwD Facilities,0,0,
White Plains,DISTRICT 3,PwD Facilities,0,0,
