barangay,psgc_code,district,area_km2,pop_census,pop_male,pop_female,age_0_2,age_0_2_m,age_0_2_f,age_3_5,age_3_5_m,age_3_5_f,age_0_5,age_0_5_m,age_0_5_f,age_6_17,age_6_17_m,age_6_17_f,age_18_59,age_18_59_m,age_18_59_f,age_60plus,age_60plus_m,age_60plus_f,age_80plus,age_80plus_m,age_80plus_f,children_0_5_childcare,children_0_17_total,pop_density_km2,seniors_registered,pwd_registered,seniors_density_km2,seniors_per_1000_census,pwd_density_km2,pwd_per_1000_census,disability_prevalence_rate_pct,sex_ratio_m_per_100f,share_women_18_59_pct,age_0_4,women_15_49,child_woman_ratio,pop_cbms_secondary,cbms_responding_hh,cbms_avg_household_size,cbms_avg_nuclear_families_per_hh,cbms_food_insecurity_prevalence_pct,cbms_food_severe_wholeday_pct,cbms_food_intensity_score,cbms_housing_inadequacy_index_pct,cbms_housing_makeshift_severe_pct,migrant_workers_total,migrant_workers_male,migrant_workers_female,domestic_workers_female,domestic_workers_male,domestic_workers_total
Alicia,,1,0.1147,6119,2998,3121,300,180,120,304,144,160,604,324,280,1160,574,586,3814,1871,1943,541,229,312,48,12,36,604,1764,53347.9,949.0,269,8273.8,155.1,2345.2,44.0,4.4,96.1,31.75,509,1759,289.4,4115.0,1204.0,3.42,1.15,17.61,1.5,3.329,6.34,0.5,50.0,24.0,26.0,4,0,4
Amihan,,3,0.1295,3513,1691,1822,147,77,70,128,69,59,275,146,129,575,304,271,2169,1045,1124,494,196,298,76,24,52,275,850,27127.4,1078.0,278,8324.3,306.9,2146.7,79.1,7.91,92.8,32.0,230,943,243.9,2258.0,668.0,3.38,1.17,21.71,3.29,3.364,6.99,0.45,38.0,18.0,20.0,1,0,1
Apolonio Samson,,6,1.9227,33629,16978,16651,2191,1113,1078,2078,1027,1051,4269,2140,2129,6776,3492,3284,20353,10388,9965,2231,958,1273,138,45,93,4269,11045,17490.5,4228.0,1088,2199.0,125.7,565.9,32.4,3.24,102.0,29.63,3660,9296,393.7,27887.0,8245.0,3.38,1.15,40.08,7.93,3.484,10.47,0.87,569.0,231.0,338.0,16,0,16
Baesa,,6,1.9513,55319,28107,27212,3574,1932,1642,3630,1902,1728,7204,3834,3370,12550,6471,6079,31858,16148,15710,3707,1654,2053,258,83,175,7204,19754,28349.8,6090.0,1475,3121.0,110.1,755.9,26.7,2.67,103.3,28.4,6025,14862,405.4,42254.0,12576.0,3.36,1.04,26.84,3.12,3.396,15.28,0.95,880.0,378.0,502.0,3,0,3
Bagbag,,5,2.0287,64545,32485,32060,4075,2110,1965,3729,1956,1773,7804,4066,3738,14362,7504,6858,37360,18818,18542,5019,2097,2922,383,113,270,7804,22166,31815.9,7303.0,2078,3599.8,113.1,1024.3,32.2,3.22,101.3,28.73,6560,17381,377.4,48229.0,12760.0,3.78,1.07,30.78,13.57,4.003,7.09,0.19,783.0,304.0,479.0,2,0,2
Bagong Lipunan ng Crame,,4,0.912,13630,6518,7112,581,305,276,585,300,285,1166,605,561,2045,1053,992,9280,4422,4858,1139,438,701,105,36,69,1166,3211,14945.2,1636.0,520,1793.9,120.0,570.2,38.2,3.82,91.6,35.64,972,4220,230.3,4204.0,1424.0,2.95,1.08,20.93,0.49,1.981,3.65,0.07,55.0,23.0,32.0,9,0,9
Bagong Pag-asa,,1,1.0975,29221,14643,14578,1929,975,954,1684,878,806,3613,1853,1760,5504,2786,2718,17954,9106,8848,2150,898,1252,194,51,143,3613,9117,26625.1,3844.0,1013,3502.5,131.5,923.0,34.7,3.47,100.4,30.28,3054,8092,377.4,15777.0,5122.0,3.08,1.01,30.61,2.87,2.981,12.94,3.95,410.0,194.0,216.0,1,0,1
Bagong Silangan,,2,5.4203,106872,54178,52694,7532,3972,3560,7071,3699,3372,14603,7671,6932,25659,13288,12371,59991,30346,29645,6619,2873,3746,517,155,362,14603,40262,19717.0,8593.0,2212,1585.3,80.4,408.1,20.7,2.07,102.8,27.74,12444,27986,444.7,91252.0,24194.0,3.77,1.05,18.61,6.26,3.716,4.37,0.58,1368.0,507.0,861.0,182,8,190
Bagumbayan,,3,1.4179,22147,10974,11173,942,491,451,839,450,389,1781,941,840,3235,1663,1572,15041,7456,7585,2090,914,1176,193,68,125,1781,5016,15619.6,2681.0,757,1890.8,121.1,533.9,34.2,3.42,98.2,34.25,1467,6615,221.8,4078.0,1453.0,2.81,1.09,37.23,1.17,2.09,5.8,0.14,136.0,68.0,68.0,2,0,2
Bagumbuhay,,3,0.2353,6333,3047,3286,294,151,143,307,160,147,601,311,290,1111,561,550,3894,1889,2005,727,286,441,78,20,58,601,1712,26914.6,1259.0,367,5350.6,198.8,1559.7,58.0,5.8,92.7,31.66,508,1798,282.5,3116.0,878.0,3.55,1.07,29.95,4.56,3.179,1.87,0.0,74.0,31.0,43.0,15,1,16
Bahay Toro,,1,2.9584,59576,29244,30332,3173,1592,1581,3137,1589,1548,6310,3181,3129,11554,5994,5560,36132,17777,18355,5580,2292,3288,635,192,443,6310,17864,20137.9,9276.0,2161,3135.5,155.7,730.5,36.3,3.63,96.4,30.81,5265,16481,319.5,44342.0,13485.0,3.29,1.07,15.31,5.15,3.757,7.0,0.15,649.0,284.0,365.0,1,0,1
Balingasa,,1,0.7985,19244,9603,9641,1031,503,528,1020,505,515,2051,1008,1043,3997,2069,1928,11641,5856,5785,1555,670,885,121,34,87,2051,6048,24100.2,2616.0,577,3276.1,135.9,722.6,30.0,3.0,99.6,30.06,1706,5293,322.3,11659.0,3363.0,3.47,1.12,15.46,3.81,3.662,9.27,1.43,134.0,62.0,72.0,3,0,3
Balong-bato,,6,0.3718,6991,3398,3593,383,193,190,427,210,217,810,403,407,1510,742,768,4057,1997,2060,614,256,358,69,28,41,810,2320,18803.1,1114.0,285,2996.2,159.3,766.5,40.8,4.08,94.6,29.47,673,1910,352.4,5252.0,1476.0,3.56,1.19,32.45,6.91,3.553,11.25,5.37,154.0,54.0,100.0,25,0,25
Batasan Hills,,2,5.8713,166477,82905,83572,10402,5347,5055,10144,5202,4942,20546,10549,9997,37086,19076,18010,97152,48292,48860,11693,4988,6705,837,216,621,20546,57632,28354.4,20060.0,4731,3416.6,120.5,805.8,28.4,2.84,99.2,29.35,17432,45276,385.0,127640.0,34918.0,3.66,1.08,18.23,5.35,3.658,3.69,0.16,1492.0,671.0,821.0,901,57,958
Bayanihan,,3,0.0635,613,309,304,13,6,7,18,14,4,31,20,11,113,62,51,402,203,199,67,24,43,8,2,6,31,144,9653.5,172.0,58,2708.7,280.6,913.4,94.6,9.46,101.6,32.46,21,182,115.4,234.0,79.0,2.96,1.0,32.91,5.06,3.068,4.22,0.0,43.0,21.0,22.0,0,0,0
Blue Ridge A,,3,0.2612,1534,720,814,65,49,16,67,31,36,132,80,52,232,107,125,982,458,524,188,75,113,37,12,25,132,364,5872.9,336.0,74,1286.4,219.0,283.3,48.2,4.82,88.5,34.16,113,447,252.8,584.0,170.0,3.44,1.24,46.47,0.59,1.356,6.86,0.59,,,,5,0,5
Blue Ridge B,,3,0.1426,1071,470,601,29,15,14,33,17,16,62,32,30,127,84,43,672,269,403,210,85,125,47,10,37,62,189,7510.5,298.0,59,2089.8,278.2,413.7,55.1,5.51,78.2,37.63,49,324,151.2,299.0,101.0,2.96,1.1,10.89,3.96,3.596,2.31,0.0,2.0,1.0,1.0,101,20,121
Botocan,,4,0.0378,6643,3337,3306,450,260,190,396,207,189,846,467,379,1646,846,800,3727,1856,1871,424,168,256,36,8,28,846,2492,175740.7,1041.0,270,27539.7,156.7,7142.9,40.6,4.06,100.9,28.16,746,1777,419.8,6515.0,1604.0,4.06,1.27,53.55,5.92,3.253,14.45,0.69,100.0,40.0,60.0,0,0,0
Bungad,,1,0.5066,7014,3435,3579,239,125,114,299,146,153,538,271,267,1281,649,632,4479,2219,2260,716,296,420,80,31,49,538,1819,13845.2,1680.0,369,3316.2,239.5,728.4,52.6,5.26,96.0,32.22,458,2005,228.4,5392.0,1473.0,3.66,1.12,16.36,3.53,3.58,12.05,0.34,117.0,53.0,64.0,0,0,0
Camp Aguinaldo,,3,1.8035,3269,1629,1640,150,74,76,213,133,80,363,207,156,876,439,437,1947,952,995,83,31,52,3,1,2,363,1239,1812.6,216.0,206,119.8,66.1,114.2,63.0,6.3,99.3,30.44,294,998,294.6,1114.0,233.0,4.78,1.26,11.59,0.43,1.914,7.44,0.43,11.0,4.0,7.0,0,0,0
Capri,,5,0.0955,12903,6438,6465,915,463,452,961,450,511,1876,913,963,3344,1705,1639,6969,3535,3434,714,285,429,57,12,45,1876,5220,135109.9,1405.0,360,14712.0,108.9,3769.6,27.9,2.79,99.6,26.61,1563,3238,482.7,11696.0,3077.0,3.8,1.09,39.88,7.21,3.15,7.01,0.26,165.0,52.0,113.0,0,0,0
Central,,4,1.3386,19331,9728,9603,1242,619,623,1035,505,530,2277,1124,1153,3377,1755,1622,12566,6407,6159,1111,442,669,87,19,68,2277,5654,14441.2,2164.0,725,1616.6,111.9,541.6,37.5,3.75,101.3,31.86,1939,5664,342.3,12157.0,3635.0,3.34,1.12,31.44,18.87,4.177,28.02,1.13,307.0,121.0,186.0,17,0,17
Claro (Quirino 3-B),,3,0.1013,3885,1851,2034,155,70,85,167,81,86,322,151,171,602,321,281,2466,1185,1281,495,194,301,68,20,48,322,924,38351.4,986.0,518,9733.5,253.8,5113.5,133.3,13.33,91.0,32.97,266,1091,243.8,2366.0,771.0,3.07,1.22,3.11,1.04,3.641,8.91,0.0,30.0,16.0,14.0,0,0,0
Commonwealth,,2,3.4855,213142,107459,105683,14541,7569,6972,14097,7262,6835,28638,14831,13807,50113,25906,24207,121299,61107,60192,13092,5615,7477,841,229,612,28638,78751,61151.1,19348.0,4692,5551.0,90.8,1346.1,22.0,2.2,101.7,28.24,24200,57054,424.2,175664.0,46738.0,3.76,1.07,22.66,3.89,3.338,4.89,0.23,1892.0,769.0,1123.0,91,1,92
Culiat,,6,2.5135,67747,33833,33914,3979,2095,1884,3948,2052,1896,7927,4147,3780,13846,7210,6636,40723,20229,20494,5251,2247,3004,444,129,315,7927,21773,26953.3,9110.0,2557,3624.4,134.5,1017.3,37.7,3.77,99.8,30.25,6679,18860,354.1,51857.0,16393.0,3.16,1.04,23.88,5.04,3.33,7.98,0.26,907.0,375.0,532.0,14,1,15
Damar,,1,0.2089,952,415,537,23,15,8,22,10,12,45,25,20,131,64,67,629,265,364,147,61,86,28,9,19,45,176,4557.2,446.0,83,2135.0,468.5,397.3,87.2,8.72,77.3,38.24,36,295,122.0,,,,,,,,,,2.0,1.0,1.0,50,2,52
Damayan,,1,0.2079,6007,2979,3028,245,130,115,301,159,142,546,289,257,1329,696,633,3632,1787,1845,500,207,293,44,12,32,546,1875,28893.7,1470.0,320,7070.7,244.7,1539.2,53.3,5.33,98.4,30.71,443,1699,260.7,4850.0,1477.0,3.28,1.03,12.05,1.29,3.057,12.21,12.32,161.0,71.0,90.0,0,0,0
Damayang Lagi,,4,0.8085,19364,9697,9667,1275,606,669,1144,597,547,2419,1203,1216,4083,2084,1999,11601,5880,5721,1261,530,731,117,38,79,2419,6502,23950.5,2075.0,550,2566.5,107.2,680.3,28.4,2.84,100.3,29.54,2109,5322,396.3,9609.0,2881.0,3.34,1.06,36.76,11.56,3.722,11.38,0.28,78.0,28.0,50.0,0,0,0
Del Monte,,1,0.5379,10236,5093,5143,560,301,259,457,240,217,1017,541,476,2010,1048,962,6259,3100,3159,950,404,546,95,36,59,1017,3027,19029.6,1779.0,401,3307.3,173.8,745.5,39.2,3.92,99.0,30.86,870,2913,298.7,6141.0,1800.0,3.41,1.08,19.33,4.11,3.414,14.43,0.17,183.0,100.0,83.0,0,0,0
Dioquino Zobel,,3,0.0427,1789,875,914,84,44,40,98,45,53,182,89,93,393,206,187,1069,527,542,145,53,92,14,4,10,182,575,41897.0,341.0,95,7985.9,190.6,2224.8,53.1,5.31,95.7,30.3,149,480,310.4,774.0,206.0,3.76,1.19,21.36,1.46,2.726,3.08,0.0,38.0,18.0,20.0,0,0,0
Don Manuel,,4,0.2379,1728,831,897,77,43,34,98,37,61,175,80,95,345,184,161,1045,507,538,163,60,103,11,4,7,175,520,7263.6,653.0,201,2744.9,377.9,844.9,116.3,11.63,92.6,31.13,148,516,286.8,555.0,173.0,3.21,1.15,10.4,5.2,3.847,3.66,0.0,21.0,16.0,5.0,0,0,0
Doña Aurora,,4,0.1348,4221,2054,2167,140,73,67,184,89,95,324,162,162,788,407,381,2646,1301,1345,463,184,279,52,16,36,324,1112,31313.1,966.0,227,7166.2,228.9,1684.0,53.8,5.38,94.8,31.86,258,1202,214.6,1392.0,400.0,3.48,1.31,5.75,2.25,3.995,10.28,0.5,11.0,5.0,6.0,0,0,0
Doña Imelda,,4,0.9161,11701,5858,5843,708,395,313,681,349,332,1389,744,645,2394,1232,1162,7096,3527,3569,822,355,467,73,19,54,1389,3783,12772.6,2015.0,572,2199.5,172.2,624.4,48.9,4.89,100.3,30.5,1165,3286,354.5,8001.0,2301.0,3.48,1.06,21.51,3.09,3.708,14.1,2.27,100.0,48.0,52.0,0,0,0
Doña Josefa,,4,0.2826,1857,885,972,84,46,38,101,56,45,185,102,83,337,151,186,1145,553,592,190,79,111,17,4,13,185,522,6571.1,644.0,140,2278.8,346.8,495.4,75.4,7.54,91.0,31.88,139,534,260.3,262.0,93.0,2.82,1.25,8.6,0.0,1.938,6.45,1.08,16.0,11.0,5.0,0,0,0
Duyan-duyan,,3,0.1654,3357,1604,1753,150,74,76,121,66,55,271,140,131,549,284,265,2160,1022,1138,377,158,219,41,9,32,271,820,20296.3,728.0,204,4401.5,216.9,1233.4,60.8,6.08,91.5,33.9,226,1017,222.2,1114.0,366.0,3.04,1.17,23.22,1.91,2.757,13.3,0.0,24.0,10.0,14.0,13,0,13
E. Rodriguez,,3,0.6531,17285,8564,8721,779,398,381,935,469,466,1714,867,847,3251,1711,1540,10914,5401,5513,1406,585,821,134,34,100,1714,4965,26466.1,2907.0,889,4451.1,168.2,1361.2,51.4,5.14,98.2,31.89,1411,5036,280.2,12044.0,3940.0,3.06,1.06,27.49,11.07,3.813,16.67,0.18,109.0,55.0,54.0,2,0,2
East Kamias,,3,0.2716,6389,3095,3294,279,150,129,266,135,131,545,285,260,1097,567,530,3999,1943,2056,748,300,448,78,24,54,545,1642,23523.6,1310.0,410,4823.3,205.0,1509.6,64.2,6.42,94.0,32.18,466,1781,261.7,2832.0,808.0,3.5,1.27,30.94,3.59,3.271,19.56,0.0,38.0,14.0,24.0,0,0,0
Escopa 1,,3,0.013,2110,1062,1048,117,64,53,120,59,61,237,123,114,462,237,225,1186,619,567,225,83,142,16,3,13,237,699,162307.7,388.0,131,29846.2,183.9,10076.9,62.1,6.21,101.3,26.87,206,521,395.4,1552.0,448.0,3.46,1.06,18.97,1.34,2.906,9.3,0.0,25.0,7.0,18.0,11,0,11
Escopa 2,,3,0.0211,1683,802,881,112,51,61,123,65,58,235,116,119,354,167,187,946,460,486,148,59,89,15,3,12,235,589,79763.0,280.0,94,13270.1,166.4,4455.0,55.9,5.59,91.0,28.88,198,432,458.3,1368.0,369.0,3.71,1.08,2.98,1.63,4.234,7.5,0.27,38.0,14.0,24.0,0,0,0
Escopa 3,,3,0.0897,7985,4080,3905,564,294,270,590,319,271,1154,613,541,1898,998,900,4349,2227,2122,584,242,342,41,9,32,1154,3052,89019.0,1174.0,465,13088.1,147.0,5183.9,58.2,5.82,104.5,26.57,970,1950,497.4,7475.0,2030.0,3.68,1.09,41.87,4.29,3.133,7.27,0.54,260.0,90.0,170.0,74,13,87
Escopa 4,,3,0.016,1837,903,934,121,59,62,126,58,68,247,117,130,419,227,192,996,495,501,175,64,111,16,2,14,247,666,114812.5,309.0,98,19312.5,168.2,6125.0,53.3,5.33,96.7,27.27,205,450,455.6,1439.0,394.0,3.65,1.04,24.62,1.27,2.536,3.55,0.0,69.0,29.0,40.0,0,0,0
Fairview,,5,3.1006,61498,30189,31309,3583,1845,1738,3331,1703,1628,6914,3548,3366,12814,6546,6268,36863,18048,18815,4907,2047,2860,574,180,394,6914,19728,19834.2,7771.0,1983,2506.3,126.4,639.6,32.2,3.22,96.4,30.59,5865,17172,341.5,42345.0,11335.0,3.74,1.11,21.19,5.72,3.654,7.49,1.05,880.0,394.0,486.0,219,2,221
Greater Lagro,,5,3.5151,23456,11273,12183,960,492,468,1016,502,514,1976,994,982,4038,2090,1948,13895,6740,7155,3547,1449,2098,562,190,372,1976,6014,6672.9,4777.0,1154,1359.0,203.7,328.3,49.2,4.92,92.5,30.5,1652,6351,260.1,14210.0,4178.0,3.4,1.01,4.69,1.94,3.995,3.53,0.26,179.0,99.0,80.0,85,3,88
Gulod,,5,1.2836,62505,31625,30880,4316,2243,2073,3890,1938,1952,8206,4181,4025,14693,7689,7004,35350,17978,17372,4256,1777,2479,361,90,271,8206,22899,48695.1,8118.0,2103,6324.4,129.9,1638.4,33.6,3.36,102.4,27.79,6894,16328,422.2,52739.0,14087.0,3.74,1.08,26.27,5.76,3.367,7.43,0.26,809.0,311.0,498.0,0,0,0
Holy Spirit,,2,3.3395,111768,55707,56061,7074,3705,3369,6954,3631,3323,14028,7336,6692,25065,12894,12171,64642,32105,32537,8033,3372,4661,711,212,499,14028,39093,33468.5,13765.0,3411,4121.9,123.2,1021.4,30.5,3.05,99.4,29.11,11829,30465,388.3,91713.0,24271.0,3.78,1.15,23.15,7.33,3.743,6.25,0.56,916.0,431.0,485.0,85,2,87
Horseshoe,,4,0.3755,2847,1393,1454,165,85,80,117,64,53,282,149,133,489,250,239,1774,858,916,302,136,166,37,16,21,282,771,7581.9,589.0,157,1568.6,206.9,418.1,55.1,5.51,95.8,32.17,237,806,294.0,925.0,249.0,3.71,1.11,29.72,10.04,3.726,44.84,0.4,10.0,8.0,2.0,0,0,0
Immaculate Concepcion,,4,0.5096,7975,3926,4049,320,167,153,390,207,183,710,374,336,1382,732,650,5162,2549,2613,721,271,450,86,26,60,710,2092,15649.5,1329.0,421,2607.9,166.6,826.1,52.8,5.28,97.0,32.76,560,2369,236.4,3107.0,1121.0,2.77,1.09,18.73,5.17,3.498,6.78,0.09,47.0,24.0,23.0,0,0,0
Kaligayahan,,5,2.5157,60421,29806,30615,3281,1708,1573,3373,1758,1615,6654,3466,3188,12533,6460,6073,36048,17730,18318,5186,2150,3036,388,110,278,6654,19187,24017.6,8181.0,2132,3252.0,135.4,847.5,35.3,3.53,97.4,30.32,5544,16728,331.4,45498.0,12633.0,3.6,1.14,21.57,4.35,3.544,2.85,0.28,572.0,305.0,267.0,82,2,84
Kalusugan,,4,0.4294,4721,2298,2423,333,143,190,334,177,157,667,320,347,1150,578,572,2589,1245,1344,315,155,160,16,2,14,667,1817,10994.4,613.0,242,1427.6,129.8,563.6,51.3,5.13,94.8,28.47,536,1276,420.1,495.0,187.0,2.65,1.0,3.21,3.21,4.5,5.38,0.0,23.0,10.0,13.0,0,0,0
Kamuning,,4,0.4845,12139,5815,6324,560,294,266,549,277,272,1109,571,538,2130,1087,1043,7577,3640,3937,1323,517,806,142,33,109,1109,3239,25054.7,2763.0,710,5702.8,227.6,1465.4,58.5,5.85,92.0,32.43,910,3496,260.3,5708.0,1837.0,3.11,1.09,26.4,10.29,3.785,8.69,0.05,96.0,50.0,46.0,2,0,2
Katipunan,,1,0.1301,10508,5090,5418,482,255,227,456,217,239,938,472,466,1655,867,788,7116,3458,3658,799,293,506,65,17,48,938,2593,80768.6,796.0,293,6118.4,75.8,2252.1,27.9,2.79,93.9,34.81,810,3227,251.0,3221.0,1040.0,3.1,1.04,17.98,3.75,3.205,3.53,0.0,82.0,41.0,41.0,1,0,1
Kaunlaran,,4,0.5512,12101,5859,6242,516,244,272,518,286,232,1034,530,504,1925,973,952,7897,3843,4054,1245,513,732,134,29,105,1034,2959,21953.9,2572.0,748,4666.2,212.5,1357.0,61.8,6.18,93.9,33.5,880,3566,246.8,2280.0,779.0,2.93,1.11,14.38,2.05,2.972,6.09,0.13,77.0,42.0,35.0,0,0,0
Kristong Hari,,4,0.3392,5979,2803,3176,218,120,98,243,100,143,461,220,241,936,485,451,4058,1924,2134,524,174,350,45,10,35,461,1397,17626.8,736.0,214,2169.8,123.1,630.9,35.8,3.58,88.3,35.69,383,1823,210.1,1874.0,550.0,3.41,1.13,54.36,2.36,2.702,13.78,0.55,33.0,14.0,19.0,0,0,0
Krus na Ligas,,4,0.3549,21287,10539,10748,1144,549,595,1089,565,524,2233,1114,1119,4483,2300,2183,12895,6454,6441,1676,671,1005,133,34,99,2233,6716,59980.3,2954.0,897,8323.5,138.8,2527.5,42.1,4.21,98.1,30.26,1853,5988,309.5,15253.0,3934.0,3.88,1.16,16.73,8.9,4.102,7.1,1.07,335.0,148.0,187.0,0,0,0
Laging Handa,,4,0.6222,4804,2114,2690,126,64,62,114,50,64,240,114,126,578,280,298,3246,1423,1823,740,297,443,93,29,64,240,818,7721.0,1370.0,371,2201.9,285.2,596.3,77.2,7.72,78.6,37.95,210,1546,135.8,1858.0,839.0,2.21,1.08,4.89,2.38,3.911,3.49,0.73,19.0,8.0,11.0,8,0,8
Libis,,3,0.1043,4208,2122,2086,274,139,135,229,136,93,503,275,228,792,403,389,2570,1327,1243,343,117,226,46,11,35,503,1295,40345.2,584.0,171,5599.2,138.8,1639.5,40.6,4.06,101.7,29.54,434,1074,404.1,3068.0,896.0,3.42,1.01,39.73,1.56,3.066,10.6,0.33,109.0,53.0,56.0,1,0,1
Lourdes,,1,0.7476,4410,2091,2319,100,46,54,143,81,62,243,127,116,563,286,277,2889,1382,1507,715,296,419,122,39,83,243,806,5898.9,915.0,218,1223.9,207.5,291.6,49.4,4.94,90.2,34.17,197,1272,154.9,18.0,6.0,3.0,1.67,16.67,0.0,3.4,11.11,0.0,5.0,2.0,3.0,0,0,0
Loyola Heights,,3,2.4018,20907,10025,10882,989,496,493,891,461,430,1880,957,923,4004,2110,1894,12956,6092,6864,2067,866,1201,250,93,157,1880,5884,8704.7,2958.0,1111,1231.6,141.5,462.6,53.1,5.31,92.1,32.83,1610,5993,268.6,8875.0,2389.0,3.71,1.16,13.35,2.43,3.142,12.5,0.25,112.0,56.0,56.0,6,0,6
Maharlika,,1,0.3887,4332,2055,2277,144,58,86,164,89,75,308,147,161,623,313,310,2780,1350,1430,621,245,376,86,24,62,308,931,11144.8,768.0,199,1975.8,177.3,512.0,45.9,4.59,90.3,33.01,247,1229,201.0,3733.0,1292.0,2.89,1.02,7.35,3.02,3.804,2.99,0.0,11.0,6.0,5.0,8,0,8
Malaya,,4,0.1315,2588,1304,1284,93,42,51,106,51,55,199,93,106,465,266,199,1665,836,829,259,109,150,21,7,14,199,664,19680.6,638.0,187,4851.7,246.5,1422.1,72.3,7.23,101.6,32.03,169,751,225.0,2323.0,730.0,3.18,1.15,48.22,10.96,3.309,14.39,0.28,23.0,12.0,11.0,0,0,0
Mangga,,3,0.0811,913,439,474,41,20,21,39,16,23,80,36,44,190,86,104,557,273,284,86,44,42,4,1,3,80,270,11257.7,150.0,21,1849.6,164.3,258.9,23.0,2.3,92.6,31.11,69,261,264.4,744.0,232.0,3.21,1.03,3.02,3.88,4.633,46.55,0.0,7.0,1.0,6.0,0,0,0
Manresa,,1,0.8319,17159,8758,8401,1192,640,552,1103,562,541,2295,1202,1093,3790,1964,1826,9933,5097,4836,1141,495,646,109,27,82,2295,6085,20626.3,1988.0,449,2389.7,115.9,539.7,26.2,2.62,104.2,28.18,1922,4524,424.8,12962.0,4134.0,3.14,1.04,28.86,3.51,3.064,21.44,4.0,146.0,55.0,91.0,0,0,0
Mariana,,4,1.6531,11471,5071,6400,396,200,196,412,212,200,808,412,396,1639,827,812,7427,3186,4241,1597,646,951,249,80,169,808,2447,6939.1,2334.0,561,1411.9,203.5,339.4,48.9,4.89,79.2,36.97,680,3650,186.3,682.0,232.0,2.94,1.09,20.69,3.02,3.11,6.9,0.0,19.0,11.0,8.0,57,11,68
Mariblo,,1,0.1335,3433,1679,1754,150,76,74,185,85,100,335,161,174,646,336,310,2109,1043,1066,343,139,204,44,13,31,335,981,25715.4,638.0,162,4779.0,185.8,1213.5,47.2,4.72,95.7,31.05,275,977,281.5,2047.0,625.0,3.28,1.08,58.72,3.52,2.821,8.43,0.64,9.0,7.0,2.0,0,0,0
Marilag,,3,0.4627,12534,5862,6672,501,252,249,418,250,168,919,502,417,1699,828,871,8334,3935,4399,1582,597,985,146,32,114,919,2618,27088.8,2261.0,758,4886.5,180.4,1638.2,60.5,6.05,87.9,35.1,787,3677,214.0,3449.0,1125.0,3.07,1.16,28.71,1.87,2.537,2.22,0.09,54.0,19.0,35.0,45,4,49
Masagana,,3,0.164,4166,1903,2263,149,56,93,153,73,80,302,129,173,637,324,313,2646,1231,1415,581,219,362,68,17,51,302,939,25402.4,1033.0,243,6298.8,248.0,1481.7,58.3,5.83,84.1,33.97,247,1225,201.6,1288.0,426.0,3.02,1.13,40.38,8.45,3.525,4.93,0.23,37.0,21.0,16.0,0,0,0
Masambong,,1,0.343,8779,4314,4465,391,194,197,488,255,233,879,449,430,1738,893,845,5221,2567,2654,941,405,536,88,27,61,879,2617,25594.8,1746.0,360,5090.4,198.9,1049.6,41.0,4.1,96.6,30.23,736,2413,305.0,6440.0,1854.0,3.47,1.13,53.02,5.72,3.244,12.5,1.19,163.0,82.0,81.0,60,2,62
Matandang Balara,,3,3.3232,69397,34359,35038,4034,2113,1921,4046,2010,2036,8080,4123,3957,14556,7478,7078,41190,20343,20847,5571,2415,3156,383,110,273,8080,22636,20882.6,9516.0,2429,2863.5,137.1,730.9,35.0,3.5,98.1,30.04,6796,19097,355.9,42131.0,12005.0,3.51,1.06,16.57,3.08,3.385,8.35,0.75,445.0,192.0,253.0,161,4,165
Milagrosa,,3,0.2695,6775,3186,3589,307,149,158,300,144,156,607,293,314,1057,547,510,4264,1993,2271,847,353,494,112,23,89,607,1664,25139.1,1352.0,353,5016.7,199.6,1309.8,52.1,5.21,88.8,33.52,511,1920,266.1,2371.0,734.0,3.23,1.11,13.22,1.91,3.284,5.18,0.0,87.0,42.0,45.0,19,2,21
N. S. Amoranto (Gintong Silahis),,1,0.2448,5850,2763,3087,183,98,85,253,113,140,436,211,225,1020,503,517,3665,1754,1911,729,295,434,100,32,68,436,1456,23897.1,1160.0,325,4738.6,198.3,1327.6,55.6,5.56,89.5,32.67,362,1671,216.6,2756.0,840.0,3.28,1.14,9.29,4.52,3.99,13.71,0.12,50.0,20.0,30.0,1,1,2
Nagkaisang Nayon,,5,2.8579,53781,26906,26875,3447,1784,1663,3123,1642,1481,6570,3426,3144,11411,5820,5591,31994,16033,15961,3806,1627,2179,320,104,216,6570,17981,18818.4,6241.0,1582,2183.8,116.0,553.6,29.4,2.94,100.1,29.68,5634,14785,381.1,44958.0,12944.0,3.47,1.13,11.14,1.31,3.184,2.55,0.41,624.0,298.0,326.0,0,0,0
Nayong Kanluran,,1,0.1417,2456,1163,1293,115,61,54,103,45,58,218,106,112,446,215,231,1500,715,785,292,127,165,40,10,30,218,664,17332.4,474.0,117,3345.1,193.0,825.7,47.6,4.76,89.9,31.96,192,684,280.7,1359.0,454.0,2.99,1.1,8.37,0.44,2.591,10.67,0.22,21.0,8.0,13.0,0,0,0
New Era,,6,0.6246,13090,6585,6505,989,531,458,870,466,404,1859,997,862,2994,1512,1482,7563,3798,3765,674,278,396,46,12,34,1859,4853,20957.4,965.0,343,1545.0,73.7,549.2,26.2,2.62,101.2,28.76,1592,3625,439.2,10760.0,2913.0,3.69,1.09,38.24,13.49,4.039,5.79,0.03,6.0,4.0,2.0,0,0,0
North Fairview,,5,2.0006,44352,22078,22274,2616,1347,1269,2570,1353,1217,5186,2700,2486,10054,5261,4793,25898,12789,13109,3214,1328,1886,291,94,197,5186,15240,22169.3,4795.0,1328,2396.8,108.1,663.8,29.9,2.99,99.1,29.56,4387,12183,360.1,31104.0,8299.0,3.75,1.11,12.84,2.74,3.358,4.05,0.7,793.0,285.0,508.0,89,3,92
Novaliches Proper,,5,0.6573,15435,7723,7712,934,495,439,910,479,431,1844,974,870,3568,1805,1763,9037,4522,4515,986,422,564,89,22,67,1844,5412,23482.4,2150.0,568,3271.0,139.3,864.1,36.8,3.68,100.1,29.25,1556,4246,366.5,12330.0,3278.0,3.76,1.14,23.28,10.62,3.888,5.83,0.37,821.0,463.0,358.0,3,0,3
Obrero,,4,0.249,9500,4806,4694,525,238,287,514,242,272,1039,480,559,1911,1053,858,5746,2924,2822,804,349,455,71,26,45,1039,2950,38152.6,1372.0,430,5510.0,144.4,1726.9,45.3,4.53,102.4,29.71,867,2509,345.6,6446.0,1868.0,3.45,1.11,15.85,6.75,3.978,21.34,0.75,47.0,24.0,23.0,0,0,0
Old Capitol Site,,4,0.1817,1319,632,687,85,46,39,63,28,35,148,74,74,223,117,106,864,401,463,84,40,44,6,1,5,148,371,7259.2,698.0,248,3841.5,529.2,1364.9,188.0,18.8,92.0,35.1,126,417,302.2,1047.0,273.0,3.84,1.22,3.3,1.83,4.149,17.22,0.73,108.0,30.0,78.0,0,0,0
Paang Bundok,,1,0.1651,4806,2321,2485,175,91,84,234,112,122,409,203,206,959,497,462,2844,1383,1461,594,238,356,68,20,48,409,1368,29109.6,1225.0,222,7419.7,254.9,1344.6,46.2,4.62,93.4,30.4,337,1341,251.3,2840.0,879.0,3.23,1.1,15.36,1.25,2.981,9.46,0.34,62.0,36.0,26.0,32,1,33
Pag-ibig sa Nayon,,1,0.3717,5915,2848,3067,312,168,144,356,170,186,668,338,330,1187,561,626,3557,1742,1815,503,207,296,40,7,33,668,1855,15913.4,741.0,163,1993.5,125.3,438.5,27.6,2.76,92.9,30.68,560,1644,340.6,4396.0,1556.0,2.83,1.03,17.67,4.11,3.654,8.78,0.0,8.0,5.0,3.0,0,0,0
Paligsahan,,4,0.5788,3518,1735,1783,143,78,65,105,57,48,248,135,113,549,288,261,2288,1141,1147,433,171,262,38,11,27,248,797,6078.1,1075.0,275,1857.3,305.6,475.1,78.2,7.82,97.3,32.6,215,1006,213.7,3314.0,1408.0,2.35,1.08,1.49,0.64,3.783,7.22,0.43,48.0,28.0,20.0,10,3,13
Paltok,,1,0.6582,18117,8816,9301,980,483,497,958,464,494,1938,947,991,3482,1771,1711,10935,5399,5536,1762,699,1063,193,54,139,1938,5420,27525.1,2724.0,616,4138.6,150.4,935.9,34.0,3.4,94.8,30.56,1630,4937,330.2,9674.0,2577.0,3.75,1.07,38.03,6.79,3.506,14.58,0.27,159.0,58.0,101.0,0,0,0
Pansol,,3,3.3121,35234,17787,17447,2303,1169,1134,2265,1121,1144,4568,2290,2278,8001,4246,3755,20289,10233,10056,2376,1018,1358,188,59,129,4568,12569,10638.0,3744.0,1220,1130.4,106.3,368.3,34.6,3.46,101.9,28.54,3859,9358,412.4,26987.0,7147.0,3.78,1.16,25.51,5.14,3.291,10.04,1.13,383.0,158.0,225.0,68,2,70
Paraiso,,1,0.1537,3537,1745,1792,153,80,73,149,66,83,302,146,156,619,349,270,2274,1104,1170,342,146,196,40,7,33,302,921,23012.4,699.0,149,4547.8,197.6,969.4,42.1,4.21,97.4,33.08,266,1037,256.5,1296.0,369.0,3.51,1.08,18.7,1.36,3.31,11.56,0.0,37.0,17.0,20.0,0,0,0
Pasong Putik Proper,,5,2.3966,39830,19971,19859,2682,1412,1270,2460,1279,1181,5142,2691,2451,9073,4600,4473,22788,11443,11345,2827,1237,1590,265,82,183,5142,14215,16619.4,4902.0,1305,2045.4,123.1,544.5,32.8,3.28,100.6,28.48,4373,10676,409.6,29880.0,8022.0,3.72,1.16,19.82,8.44,3.96,4.67,0.71,417.0,196.0,221.0,4,0,4
Pasong Tamo,,6,4.9821,110572,55488,55084,7076,3669,3407,7080,3713,3367,14156,7382,6774,24008,12440,11568,64500,32286,32214,7908,3380,4528,585,169,416,14156,38164,22193.9,13515.0,3460,2712.7,122.2,694.5,31.3,3.13,100.7,29.13,11947,30019,398.0,82651.0,23697.0,3.49,1.08,22.01,2.79,3.095,6.02,0.24,1409.0,572.0,837.0,395,6,401
Payatas,,2,3.2387,139640,70921,68719,10825,5583,5242,10036,5232,4804,20861,10815,10046,35578,18435,17143,75784,38426,37358,7417,3245,4172,445,119,326,20861,56439,43116.1,15124.0,3507,4669.8,108.3,1082.8,25.1,2.51,103.2,26.75,17627,35911,490.9,130561.0,33440.0,3.9,1.07,28.7,5.8,3.389,4.72,0.33,1578.0,556.0,1022.0,191,5,196
Phil-Am,,1,0.4445,2515,1137,1378,37,18,19,67,28,39,104,46,58,260,144,116,1701,764,937,450,183,267,88,30,58,104,364,5658.0,783.0,167,1761.5,311.3,375.7,66.4,6.64,82.5,37.26,85,771,110.2,1590.0,540.0,2.94,1.08,1.67,0.56,3.733,0.99,0.0,5.0,1.0,4.0,45,1,46
Pinagkaisahan,,4,0.3361,4357,2130,2227,169,83,86,170,101,69,339,184,155,690,352,338,2917,1436,1481,411,158,253,48,14,34,339,1029,12963.4,1213.0,311,3609.0,278.4,925.3,71.4,7.14,95.6,33.99,291,1287,226.1,2562.0,882.0,2.9,1.02,26.87,2.95,2.62,10.05,0.0,27.0,11.0,16.0,3,0,3
Pinyahan,,4,1.5696,21724,10708,11016,1294,667,627,1237,629,608,2531,1296,1235,4196,2141,2055,13323,6568,6755,1674,703,971,151,45,106,2531,6727,13840.5,3739.0,1248,2382.1,172.1,795.1,57.4,5.74,97.2,31.09,2156,6132,351.6,15396.0,4575.0,3.37,1.11,16.79,4.42,3.558,17.33,0.18,177.0,76.0,101.0,0,0,0
Project 6,,1,1.5292,11832,5659,6173,574,275,299,524,275,249,1098,550,548,2170,1100,1070,7263,3490,3773,1301,519,782,160,47,113,1098,3268,7737.4,2598.0,615,1698.9,219.6,402.2,52.0,5.2,91.7,31.89,947,3339,283.6,9312.0,3259.0,2.86,1.04,23.23,15.25,4.267,10.71,0.21,157.0,69.0,88.0,0,0,0
Quirino 2-A,,3,0.1745,4622,2225,2397,195,101,94,199,94,105,394,195,199,821,432,389,2781,1352,1429,626,246,380,82,18,64,394,1215,26487.1,1003.0,237,5747.9,217.0,1358.2,51.3,5.13,92.8,30.92,330,1264,261.1,3041.0,1007.0,3.02,1.06,10.63,1.29,2.981,6.52,0.5,21.0,11.0,10.0,82,3,85
Quirino 2-B,,3,0.1482,3922,1928,1994,132,84,48,157,83,74,289,167,122,585,298,287,2507,1227,1280,541,236,305,66,16,50,289,874,26464.2,910.0,242,6140.4,232.0,1632.9,61.7,6.17,96.7,32.64,237,1112,213.1,2133.0,748.0,2.85,1.14,5.35,0.8,2.951,13.37,0.0,33.0,23.0,10.0,49,9,58
Quirino 2-C,,3,0.075,3189,1576,1613,126,81,45,143,72,71,269,153,116,614,343,271,1936,939,997,370,141,229,62,20,42,269,883,42520.0,691.0,190,9213.3,216.7,2533.3,59.6,5.96,97.7,31.26,227,869,261.2,2243.0,693.0,3.24,1.18,13.42,4.91,3.92,7.94,0.0,45.0,23.0,22.0,1,0,1
Quirino 3-A,,3,0.0565,1056,527,529,39,23,16,32,18,14,71,41,30,143,81,62,748,360,388,94,45,49,8,3,5,71,214,18690.3,262.0,78,4637.2,248.1,1380.5,73.9,7.39,99.6,36.74,63,322,195.7,353.0,114.0,3.1,1.19,16.67,0.88,2.5,2.63,0.0,11.0,5.0,6.0,0,0,0
Ramon Magsaysay,,1,0.3425,14321,7019,7302,735,351,384,728,382,346,1463,733,730,2866,1430,1436,8806,4373,4433,1186,483,703,109,26,83,1463,4329,41813.1,2368.0,590,6913.9,165.4,1722.6,41.2,4.12,96.1,30.95,1227,4014,305.7,11139.0,3661.0,3.04,1.06,13.38,10.35,4.354,8.82,0.19,204.0,86.0,118.0,52,1,53
Roxas,,4,0.4536,10665,5181,5484,521,222,299,547,277,270,1068,499,569,2050,1028,1022,6458,3182,3276,1089,472,617,107,36,71,1068,3118,23511.9,2468.0,577,5440.9,231.4,1272.0,54.1,5.41,94.5,30.72,922,2975,309.9,7594.0,2326.0,3.26,1.04,25.75,3.83,3.327,8.95,1.29,70.0,41.0,29.0,0,0,0
Sacred Heart,,4,0.5287,6089,3022,3067,259,138,121,309,173,136,568,311,257,1036,512,524,3814,1911,1903,671,288,383,73,27,46,568,1604,11516.9,1367.0,347,2585.6,224.5,656.3,57.0,5.7,98.5,31.25,480,1689,284.2,3211.0,1234.0,2.6,1.03,12.07,1.13,2.663,12.41,1.14,80.0,35.0,45.0,0,0,0
Salvacion,,1,0.2107,6681,3268,3413,319,171,148,282,146,136,601,317,284,1119,611,508,4031,1967,2064,930,373,557,101,27,74,601,1720,31708.6,1421.0,271,6744.2,212.7,1286.2,40.6,4.06,95.8,30.89,493,1766,279.2,4294.0,1297.0,3.31,1.07,18.5,7.48,4.143,8.67,1.16,51.0,29.0,22.0,0,0,0
San Agustin,,5,1.0089,25336,12592,12744,1616,871,745,1469,792,677,3085,1663,1422,5486,2779,2707,14595,7228,7367,2170,922,1248,171,50,121,3085,8571,25112.5,3989.0,1061,3953.8,157.4,1051.6,41.9,4.19,98.8,29.08,2674,6837,391.1,22276.0,5927.0,3.76,1.15,18.07,3.1,3.528,5.77,1.9,358.0,156.0,202.0,64,0,64
San Antonio,,1,0.7465,22229,11106,11123,1236,634,602,1250,625,625,2486,1259,1227,4573,2328,2245,13231,6726,6505,1939,793,1146,176,50,126,2486,7059,29777.6,3455.0,811,4628.3,155.4,1086.4,36.5,3.65,99.8,29.26,2102,5950,353.3,18628.0,5357.0,3.48,1.04,18.09,7.13,3.755,8.81,0.24,363.0,143.0,220.0,0,0,0
San Bartolome,,5,3.5902,51055,25114,25941,2790,1416,1374,2772,1450,1322,5562,2866,2696,10389,5293,5096,30259,14980,15279,4845,1975,2870,423,122,301,5562,15951,14220.7,8039.0,2119,2239.2,157.5,590.2,41.5,4.15,96.8,29.93,4666,13957,334.3,36416.0,9624.0,3.78,1.07,17.31,1.36,2.641,7.51,0.33,752.0,352.0,400.0,172,1,173
San Isidro,,4,0.1201,6550,3232,3318,346,175,171,359,194,165,705,369,336,1231,665,566,4083,1988,2095,531,210,321,47,19,28,705,1936,54537.9,1348.0,291,11224.0,205.8,2423.0,44.4,4.44,97.4,31.98,589,1896,310.7,3415.0,1082.0,3.16,1.05,10.91,2.13,3.299,5.55,0.0,6.0,4.0,2.0,0,0,0
San Isidro Labrador,,1,0.2519,6243,3031,3212,251,125,126,256,137,119,507,262,245,1089,546,543,3859,1881,1978,788,342,446,86,34,52,507,1596,24783.6,1227.0,237,4871.0,196.5,940.8,38.0,3.8,94.4,31.68,415,1729,240.0,4765.0,1743.0,2.73,1.02,16.87,3.33,3.528,15.23,0.0,26.0,17.0,9.0,0,0,0
San Jose,,1,0.2822,5844,2859,2985,276,145,131,313,149,164,589,294,295,1199,616,583,3458,1721,1737,598,228,370,59,16,43,589,1788,20708.7,1184.0,234,4195.6,202.6,829.2,40.0,4.0,95.8,29.72,504,1570,321.0,4039.0,1199.0,3.37,1.09,27.36,12.76,4.045,14.28,0.42,38.0,22.0,16.0,1,0,1
San Martin de Porres,,4,0.208,11632,5747,5885,499,271,228,554,281,273,1053,552,501,2091,1073,1018,7576,3733,3843,912,389,523,82,22,60,1053,3144,55923.1,1672.0,503,8038.5,143.7,2418.3,43.2,4.32,97.7,33.04,882,3563,247.5,7391.0,2295.0,3.22,1.07,27.93,24.71,4.401,6.7,0.61,52.0,32.0,20.0,0,0,0
San Roque,,3,0.6515,19079,9183,9896,969,506,463,919,449,470,1888,955,933,3411,1650,1761,12018,5887,6131,1762,691,1071,148,39,109,1888,5299,29284.7,2877.0,1051,4416.0,150.8,1613.2,55.1,5.51,92.8,32.13,1610,5558,289.7,9888.0,2916.0,3.39,1.13,24.79,3.36,3.283,13.49,0.03,93.0,46.0,47.0,34,7,41
San Vicente,,4,0.0938,7160,3556,3604,416,223,193,419,215,204,835,438,397,1501,773,728,4254,2109,2145,570,236,334,62,27,35,835,2336,76332.6,1124.0,283,11982.9,157.0,3017.1,39.5,3.95,98.7,29.96,711,1982,358.7,6300.0,1687.0,3.73,1.11,20.33,11.44,4.09,11.77,0.53,201.0,73.0,128.0,0,0,0
Sangandaan,,6,0.9171,21061,10256,10805,985,531,454,1061,536,525,2046,1067,979,3975,2038,1937,12849,6274,6575,2191,877,1314,283,78,205,2046,6021,22964.8,4158.0,1019,4533.9,197.4,1111.1,48.4,4.84,94.9,31.22,1701,5816,292.5,17390.0,4694.0,3.7,1.07,18.02,10.74,4.151,7.19,0.47,299.0,149.0,150.0,3,0,3
Santol,,4,0.4405,6410,3165,3245,303,148,155,324,173,151,627,321,306,1238,669,569,3872,1893,1979,673,282,391,75,28,47,627,1865,14551.6,1284.0,360,2914.9,200.3,817.3,56.2,5.62,97.5,30.87,520,1762,295.1,4362.0,1265.0,3.45,1.06,22.37,1.03,2.217,7.13,0.95,95.0,49.0,46.0,62,0,62
Sauyo,,6,2.7416,76266,38107,38159,4566,2374,2192,4470,2243,2227,9036,4617,4419,16819,8706,8113,45452,22619,22833,4959,2165,2794,343,92,251,9036,25855,27818.1,8197.0,2277,2989.9,107.5,830.5,29.9,2.99,99.9,29.94,7524,21300,353.2,65445.0,18040.0,3.63,1.04,12.57,3.9,3.733,4.19,0.11,810.0,332.0,478.0,355,6,361
Sienna,,1,0.3872,2009,919,1090,50,23,27,57,18,39,107,41,66,280,150,130,1295,583,712,327,145,182,38,13,25,107,387,5188.5,646.0,132,1668.4,321.6,340.9,65.7,6.57,84.3,35.44,87,586,148.5,22.0,6.0,3.67,1.17,16.67,0.0,2.0,5.56,0.0,6.0,4.0,2.0,29,3,32
Sikatuna Village,,4,0.4169,6094,2855,3239,232,110,122,223,115,108,455,225,230,858,445,413,3891,1840,2051,890,345,545,140,46,94,455,1313,14617.4,1489.0,367,3571.6,244.3,880.3,60.2,6.02,88.1,33.66,383,1744,219.6,1860.0,521.0,3.57,1.25,11.9,1.34,3.305,3.59,0.19,52.0,30.0,22.0,86,2,88
Silangan,,3,0.2249,4814,2331,2483,189,94,95,189,114,75,378,208,170,783,401,382,3135,1525,1610,518,197,321,50,13,37,378,1161,21405.1,897.0,262,3988.4,186.3,1165.0,54.4,5.44,93.9,33.44,324,1416,228.8,2114.0,741.0,2.85,1.06,17.81,2.83,3.975,13.85,0.13,38.0,19.0,19.0,0,0,0
Socorro,,3,1.1764,22198,10507,11691,908,450,458,912,445,467,1820,895,925,3242,1654,1588,15019,7098,7921,2117,860,1257,199,56,143,1820,5062,18869.4,4866.0,1430,4136.3,219.2,1215.6,64.4,6.44,89.9,35.68,1541,7083,217.6,10464.0,3477.0,3.01,1.13,6.96,2.01,3.64,6.51,0.49,383.0,207.0,176.0,1,0,1
South Triangle,,4,1.1251,14451,7095,7356,570,336,234,621,339,282,1191,675,516,2148,1095,1053,9827,4802,5025,1285,523,762,98,21,77,1191,3339,12844.2,2262.0,864,2010.5,156.5,767.9,59.8,5.98,96.5,34.77,984,4211,233.7,6542.0,3051.0,2.14,1.01,6.92,1.02,3.19,6.94,0.1,104.0,51.0,53.0,8,0,8
St. Ignatius,,3,0.2582,2054,893,1161,58,27,31,71,38,33,129,65,64,244,124,120,1330,555,775,351,149,202,69,29,40,129,373,7955.1,434.0,115,1680.9,211.3,445.4,56.0,5.6,76.9,37.73,102,605,168.6,540.0,142.0,3.8,1.41,9.86,0.0,2.676,3.76,0.7,6.0,3.0,3.0,117,6,123
St. Peter,,1,0.2695,4049,1887,2162,139,67,72,152,71,81,291,138,153,589,310,279,2639,1221,1418,530,218,312,75,22,53,291,880,15024.1,911.0,204,3380.3,225.0,757.0,50.4,5.04,87.3,35.02,243,1185,205.1,163.0,46.0,3.54,1.2,8.7,0.0,2.8,13.77,0.0,15.0,11.0,4.0,0,0,0
Sta. Cruz,,1,0.4419,3945,1954,1991,181,98,83,197,112,85,378,210,168,695,378,317,2478,1206,1272,394,160,234,49,15,34,378,1073,8927.4,690.0,202,1561.4,174.9,457.1,51.2,5.12,98.1,32.24,323,1141,283.1,2568.0,892.0,2.88,1.01,5.61,3.36,4.089,12.67,0.11,17.0,8.0,9.0,16,1,17
Sta. Lucia,,5,0.6466,28215,14319,13896,1829,997,832,1745,928,817,3574,1925,1649,6813,3521,3292,15776,7991,7785,2052,882,1170,157,39,118,3574,10387,43635.9,3572.0,858,5524.3,126.6,1326.9,30.4,3.04,103.0,27.59,3029,7343,412.5,23263.0,5944.0,3.91,1.08,21.5,5.65,3.459,5.92,0.29,807.0,357.0,450.0,52,2,54
Sta. Monica,,5,1.6548,51785,25996,25789,3358,1719,1639,3315,1710,1605,6673,3429,3244,11778,6162,5616,29196,14673,14523,4138,1732,2406,333,90,243,6673,18451,31293.8,6006.0,1399,3629.4,116.0,845.4,27.0,2.7,100.8,28.04,5617,13480,416.7,42556.0,11239.0,3.79,1.1,22.4,5.25,3.527,7.87,0.61,331.0,134.0,197.0,4,1,5
Sta. Teresita,,1,0.3376,11752,5671,6081,375,185,190,457,247,210,832,432,400,1720,847,873,7986,3882,4104,1214,510,704,130,42,88,832,2552,34810.4,1581.0,410,4683.1,134.5,1214.5,34.9,3.49,93.3,34.92,669,3541,188.9,2791.0,897.0,3.11,1.14,10.59,1.34,3.044,12.3,0.33,81.0,50.0,31.0,0,0,0
Sto. Cristo,,1,0.5504,25697,12574,13123,1265,651,614,1233,615,618,2498,1266,1232,4527,2357,2170,16312,8005,8307,2360,946,1414,217,62,155,2498,7025,46687.9,2614.0,725,4749.3,101.7,1317.2,28.2,2.82,95.8,32.33,2127,7446,285.7,11928.0,5828.0,2.05,1.02,2.93,1.63,4.113,1.68,0.02,358.0,205.0,153.0,1,0,1
Sto. Domingo (Matalahib),,1,0.9075,11353,5676,5677,651,354,297,640,318,322,1291,672,619,2424,1236,1188,6713,3380,3333,925,388,537,109,37,72,1291,3715,12510.2,1684.0,390,1855.6,148.3,429.8,34.4,3.44,100.0,29.36,1092,3075,355.1,6694.0,2064.0,3.24,1.06,29.17,2.96,2.799,11.49,0.29,,,,62,1,63
Sto. Niño,,4,0.1981,7070,3562,3508,350,176,174,338,159,179,688,335,353,1273,681,592,4391,2258,2133,718,288,430,67,16,51,688,1961,35689.0,1623.0,338,8192.8,229.6,1706.2,47.8,4.78,101.5,30.17,609,1888,322.6,3909.0,1117.0,3.5,1.05,20.14,2.69,3.197,12.2,0.18,40.0,18.0,22.0,24,0,24
Tagumpay,,3,0.0964,2257,1114,1143,144,76,68,129,65,64,273,141,132,531,270,261,1283,642,641,170,61,109,19,4,15,273,804,23412.9,453.0,157,4699.2,200.7,1628.6,69.6,6.96,97.5,28.4,226,591,382.4,1912.0,566.0,3.38,1.14,45.23,2.3,2.268,7.18,0.18,50.0,15.0,35.0,0,0,0
Talayan,,1,0.4939,4402,2267,2135,265,158,107,258,134,124,523,292,231,876,462,414,2579,1337,1242,424,176,248,48,13,35,523,1399,8912.7,687.0,131,1391.0,156.1,265.2,29.8,2.98,106.2,28.21,422,1128,374.1,3419.0,915.0,3.74,1.18,15.96,2.19,3.561,18.19,0.44,43.0,21.0,22.0,0,0,0
Talipapa,,6,1.7303,38921,19180,19741,2058,1000,1058,2114,1057,1057,4172,2057,2115,7651,4015,3636,23774,11759,12015,3324,1349,1975,267,70,197,4172,11823,22493.8,5055.0,1418,2921.5,129.9,819.5,36.4,3.64,97.2,30.87,3443,10893,316.1,23749.0,6680.0,3.56,1.15,18.1,2.72,3.524,4.1,0.27,283.0,148.0,135.0,32,7,39
Tandang Sora,,6,3.9682,83097,41015,42082,4644,2454,2190,4476,2313,2163,9120,4767,4353,16320,8446,7874,49884,24497,25387,7773,3305,4468,689,212,477,9120,25440,20940.7,11604.0,2876,2924.2,139.6,724.8,34.6,3.46,97.5,30.55,7715,23175,332.9,53214.0,17840.0,2.98,1.05,19.25,3.23,3.113,4.06,0.15,1005.0,438.0,567.0,58,2,60
Tatalon,,4,0.9202,55380,27986,27394,3603,1893,1710,3700,1876,1824,7303,3769,3534,12994,6709,6285,31663,16068,15595,3420,1440,1980,226,62,164,7303,20297,60182.6,6498.0,1625,7061.5,117.3,1765.9,29.3,2.93,102.2,28.16,6175,14720,419.5,44256.0,12924.0,3.42,1.05,40.37,9.37,3.589,17.8,0.35,672.0,270.0,402.0,1,0,1
Teachers Village East,,4,0.2183,2401,1066,1335,53,18,35,68,30,38,121,48,73,287,144,143,1632,735,897,361,139,222,61,13,48,121,408,10998.6,709.0,231,3247.8,295.3,1058.2,96.2,9.62,79.9,37.36,101,718,140.7,512.0,153.0,3.35,1.48,9.8,0.65,3.097,4.14,0.0,18.0,10.0,8.0,0,0,0
Teachers Village West,,4,0.2346,2984,1390,1594,96,58,38,105,51,54,201,109,92,471,254,217,1820,849,971,492,178,314,79,16,63,201,672,12719.5,944.0,238,4023.9,316.4,1014.5,79.8,7.98,87.2,32.54,170,819,207.6,781.0,235.0,3.32,1.33,9.79,0.43,2.556,2.43,0.0,16.0,11.0,5.0,0,0,0
U. P. Campus,,4,4.5256,47122,23857,23265,3182,1674,1508,3036,1546,1490,6218,3220,2998,11034,5709,5325,26840,13647,13193,3030,1281,1749,218,56,162,6218,17252,10412.3,4008.0,1110,885.6,85.1,245.3,23.6,2.36,102.5,28.0,5226,12383,422.0,43036.0,11008.0,3.91,1.2,41.17,5.76,3.2,22.32,3.62,232.0,83.0,149.0,38,0,38
U. P. Village,,4,0.3748,3167,1479,1688,88,36,52,83,35,48,171,71,100,407,204,203,2050,983,1067,539,221,318,105,27,78,171,578,8449.8,1029.0,233,2745.5,324.9,621.7,73.6,7.36,87.6,33.69,144,884,162.9,2247.0,620.0,3.62,1.33,5.65,2.26,3.853,3.6,0.0,21.0,11.0,10.0,39,2,41
Ugong Norte,,3,2.7396,6301,2916,3385,525,243,282,394,205,189,919,448,471,889,450,439,3531,1590,1941,962,428,534,117,49,68,919,1808,2300.0,1324.0,317,483.3,210.1,115.7,50.3,5.03,86.1,30.8,834,1601,520.9,552.0,124.0,4.45,2.3,10.48,2.42,3.798,9.68,0.0,,,,0,0,0
Unang Sigaw,,6,0.2139,6508,3396,3112,492,253,239,485,260,225,977,513,464,1615,847,768,3572,1882,1690,344,154,190,24,3,21,977,2592,30425.4,629.0,177,2940.6,96.7,827.5,27.2,2.72,109.1,25.97,828,1608,514.9,4499.0,1183.0,3.8,1.19,39.48,6.26,3.487,14.37,0.93,151.0,49.0,102.0,3,0,3
Valencia,,4,0.4296,10877,5182,5695,535,261,274,483,231,252,1018,492,526,1659,908,751,7020,3366,3654,1180,416,764,117,34,83,1018,2677,25318.9,1388.0,530,3230.9,127.6,1233.7,48.7,4.87,91.0,33.59,872,3187,273.6,1616.0,440.0,3.67,1.21,16.14,2.27,3.34,13.06,0.0,41.0,23.0,18.0,0,0,0
Vasra,,1,0.5406,7334,3690,3644,514,263,251,408,209,199,922,472,450,1515,787,728,4459,2235,2224,438,196,242,28,7,21,922,2437,13566.4,1341.0,352,2480.6,182.8,651.1,48.0,4.8,101.3,30.32,776,2031,382.1,4471.0,1304.0,3.43,1.08,11.73,2.91,3.578,14.38,0.38,205.0,83.0,122.0,0,0,0
Veterans Village,,1,0.5206,12693,6006,6687,461,226,235,513,281,232,974,507,467,2028,1013,1015,8209,3887,4322,1482,599,883,174,52,122,974,3002,24381.5,2392.0,646,4594.7,188.5,1240.9,50.9,5.09,89.8,34.05,832,3697,225.0,4630.0,1645.0,2.81,1.01,14.35,1.88,3.075,0.57,0.06,167.0,75.0,92.0,0,0,0
Villa Maria Clara,,3,0.0841,2405,1125,1280,110,43,67,89,46,43,199,89,110,429,220,209,1415,670,745,362,146,216,55,21,34,199,628,28596.9,629.0,143,7479.2,261.5,1700.4,59.5,5.95,87.9,30.98,166,658,252.3,1414.0,416.0,3.4,1.36,59.62,3.12,2.063,2.24,0.0,14.0,6.0,8.0,18,0,18
West Kamias,,3,0.1805,4044,1997,2047,165,101,64,166,82,84,331,183,148,634,316,318,2620,1309,1311,459,189,270,69,19,50,331,965,22404.4,847.0,266,4692.5,209.4,1473.7,65.8,6.58,97.6,32.42,274,1137,241.0,2218.0,783.0,2.83,1.07,6.51,1.15,3.045,12.49,0.0,14.0,6.0,8.0,0,1,1
West Triangle,,1,0.6752,2416,1086,1330,59,18,41,84,41,43,143,59,84,269,145,124,1597,700,897,407,182,225,85,30,55,143,412,3578.2,862.0,240,1276.7,356.8,355.5,99.3,9.93,81.7,37.13,109,689,158.2,1014.0,375.0,2.7,1.11,1.87,1.33,4.4,0.18,0.0,10.0,7.0,3.0,0,0,0
White Plains,,3,0.5576,3558,1493,2065,74,39,35,73,43,30,147,82,65,355,173,182,2481,1012,1469,575,226,349,117,43,74,147,502,6380.9,792.0,185,1420.4,222.6,331.8,52.0,5.2,72.3,41.29,120,1193,100.6,310.0,82.0,3.78,2.28,4.88,0.0,1.5,0.81,0.0,,,,458,166,624
