DISTRICT ,BARANGAY_original,BARANGAY
DISTRICT 1,Alicia,Alicia
DISTRICT 1,Bagong Pag-asa,Bagong Pag-asa
DISTRICT 1,Bahay Toro,Bahay Toro
DISTRICT 1,Balingasa,Balingasa
DISTRICT 1,Bungad,Bungad
DISTRICT 1,Damar,Damar
DISTRICT 1,Damayan,Damayan
DISTRICT 1,Del Monte,Del Monte
DISTRICT 1,Katipunan,Katipunan
DISTRICT 1,Lourdes,Lourdes
DISTRICT 1,Maharlika,Maharlika
DISTRICT 1,Manresa,Manresa
DISTRICT 1,Mariblo,Mariblo
DISTRICT 1,Masambong,Masambong
DISTRICT 1,Nayong Kanluran,Nayong Kanluran
DISTRICT 1,N.S. Amoranto,N. S. Amoranto (Gintong Silahis)
DISTRICT 1,Paang Bundok,Paang Bundok
DISTRICT 1,Pag-ibig sa Nayon,Pag-ibig sa Nayon
DISTRICT 1,Paltok,Paltok
DISTRICT 1,Paraiso,Paraiso
DISTRICT 1,Phil-Am,Phil-Am
DISTRICT 1,Project 6,Project 6
DISTRICT 1,Ramon Magsaysay,Ramon Magsaysay
DISTRICT 1,Saint Peter,St. Peter
DISTRICT 1,Salvacion,Salvacion
DISTRICT 1,San Antonio,San Antonio
DISTRICT 1,San Isidro Labrador,San Isidro Labrador
DISTRICT 1,San Jose,San Jose
DISTRICT 1,Sta. Cruz,Sta. Cruz
DISTRICT 1,Sta. Teresita,Sta. Teresita
DISTRICT 1,Sto. Cristo,Sto. Cristo
DISTRICT 1,Sto. Domingo,Sto. Domingo (Matalahib)
DISTRICT 1,Sienna,Sienna
DISTRICT 1,Talayan,Talayan
DISTRICT 1,Vasra,Vasra
DISTRICT 1,Veterans Village,Veterans Village
DISTRICT 1,West Triangle,West Triangle
DISTRICT 2,Holy Spirit,Holy Spirit
DISTRICT 2,Bagong Silangan,Bagong Silangan
DISTRICT 2,Batasan Hills,Batasan Hills
DISTRICT 2,Commonwealth,Commonwealth
DISTRICT 2,Payatas ,Payatas
DISTRICT 3,Silangan,Silangan
DISTRICT 3,Amihan,Amihan
DISTRICT 3,Bagumbayan,Bagumbayan
DISTRICT 3,Bagumbuhay,Bagumbuhay
DISTRICT 3,Bayanihan,Bayanihan
DISTRICT 3,Blue Ridge A,Blue Ridge A
DISTRICT 3,Blue Ridge B,Blue Ridge B
DISTRICT 3,Camp Aguinaldo,Camp Aguinaldo
DISTRICT 3,Dioquino Zobel,Dioquino Zobel
DISTRICT 3,Duyan-duyan,Duyan-duyan
DISTRICT 3,E. Rodriguez Sr.,E. Rodriguez
DISTRICT 3,East Kamias,East Kamias
DISTRICT 3,Escopa 1,Escopa 1
DISTRICT 3,Escopa 2,Escopa 2
DISTRICT 3,Escopa 3,Escopa 3
DISTRICT 3,Escopa 4,Escopa 4
DISTRICT 3,Libis,Libis
DISTRICT 3,Loyola Heights,Loyola Heights
DISTRICT 3,Mangga,Mangga
DISTRICT 3,Marilag,Marilag
DISTRICT 3,Masagana,Masagana
DISTRICT 3,Matandang Balara,Matandang Balara
DISTRICT 3,Milagrosa,Milagrosa
DISTRICT 3,Pansol,Pansol
DISTRICT 3,Quirino 2A,Quirino 2-A
DISTRICT 3,Quirino 2B,Quirino 2-B
DISTRICT 3,Quirino 2C,Quirino 2-C
DISTRICT 3,Quirino 3-A,Quirino 3-A
DISTRICT 3,Quirino 3B/ Claro,Claro (Quirino 3-B)
DISTRICT 3,Saint Ignatius,St. Ignatius
DISTRICT 3,San Roque,San Roque
DISTRICT 3,Socorro,Socorro
DISTRICT 3,Villa Maria Clara,Villa Maria Clara
DISTRICT 3,West Kamias,West Kamias
DISTRICT 3,Ugong Norte,Ugong Norte
DISTRICT 3,White Plains,White Plains
DISTRICT 3,Tagumpay,Tagumpay
DISTRICT 4,Bagong Lipunan Ng Crame,Bagong Lipunan ng Crame
DISTRICT 4,Botocan,Botocan
DISTRICT 4,Central,Central
DISTRICT 4,Damayang Lagi,Damayang Lagi
DISTRICT 4,Don Manuel,Don Manuel
DISTRICT 4,Doña Aurora,Doña Aurora
DISTRICT 4,Doña Imelda,Doña Imelda
DISTRICT 4,Doña Josefa,Doña Josefa
DISTRICT 4,Horseshoe,Horseshoe
DISTRICT 4,Immaculate Concepcion,Immaculate Concepcion
DISTRICT 4,Kalusugan,Kalusugan
DISTRICT 4,Kamuning,Kamuning
DISTRICT 4,Kaunlaran,Kaunlaran
DISTRICT 4,Kristong Hari,Kristong Hari
DISTRICT 4,Krus na Ligas,Krus na Ligas
DISTRICT 4,Laging Handa,Laging Handa
DISTRICT 4,Malaya,Malaya
DISTRICT 4,Mariana,Mariana
DISTRICT 4,Obrero,Obrero
DISTRICT 4,Old Capitol Site,Old Capitol Site
DISTRICT 4,Paligsahan,Paligsahan
DISTRICT 4,Pinagkaisahan,Pinagkaisahan
DISTRICT 4,Pinyahan,Pinyahan
DISTRICT 4,Roxas,Roxas
DISTRICT 4,Sacred Heart,Sacred Heart
DISTRICT 4,San Isidro Galas,San Isidro
DISTRICT 4,San Martin de Porres,San Martin de Porres
DISTRICT 4,San Vicente,San Vicente
DISTRICT 4,Santol,Santol
DISTRICT 4,Sikatuna Village,Sikatuna Village
DISTRICT 4,South Triangle,South Triangle
DISTRICT 4,Sto Niño,Sto. Niño
DISTRICT 4,Tatalon,Tatalon
DISTRICT 4,U.P. Campus,U. P. Campus
DISTRICT 4,Teachers Village East,Teachers Village East
DISTRICT 4,Teachers Village West,Teachers Village West
DISTRICT 4,U.P. Village,U. P. Village
DISTRICT 4,Valencia,Valencia
DISTRICT 5,Bagbag,Bagbag
DISTRICT 5,Capri,Capri
DISTRICT 5,Fairview,Fairview
DISTRICT 5,Greater Lagro,Greater Lagro
DISTRICT 5,Gulod,Gulod
DISTRICT 5,Kaligayahan,Kaligayahan
DISTRICT 5,Nagkaisang Nayon,Nagkaisang Nayon
DISTRICT 5,North Fairview,North Fairview
DISTRICT 5,Novaliches Proper,Novaliches Proper
DISTRICT 5,Pasong Putik Proper,Pasong Putik Proper
DISTRICT 5,San Agustin,San Agustin
DISTRICT 5,San Bartolome,San Bartolome
DISTRICT 5,Sta. Lucia,Sta. Lucia
DISTRICT 5,Sta. Monica,Sta. Monica
DISTRICT 6,Sauyo,Sauyo
DISTRICT 6,Talipapa,Talipapa
DISTRICT 6,Baesa,Baesa
DISTRICT 6,Sangandaan,Sangandaan
DISTRICT 6,Balonbato,Balong-bato
DISTRICT 6,Unang Sigaw,Unang Sigaw
DISTRICT 6,Apolonio Samson,Apolonio Samson
DISTRICT 6,Pasong Tamo,Pasong Tamo
DISTRICT 6,Tandang Sora,Tandang Sora
DISTRICT 6,Culiat,Culiat
DISTRICT 6,New Era,New Era
DISTRICT 5,Reservoir,Reservoir