barangay,Childcare,Health centers,Long-term care and rehabilitation services,Older persons care,Quezon City satellite offices for services,Schools,Trainings,Total,Bus stops,ratio_childcare,ratio_childcare_f,ratio_childcare_m,ratio_school_3_5,ratio_school_3_5_f,ratio_school_3_5_m,ratio_school_6_17,ratio_school_6_17_f,ratio_school_6_17_m,ratio_old_60,ratio_old_60_f,ratio_old_60_m,ratio_old_80,ratio_old_80_f,ratio_old_80_m,ratio_pop_health,ratio_pop_health_f,ratio_pop_health_m,ratio_child_health,ratio_child_health_f,ratio_child_health_m,ratio_old_health,ratio_old_health_f,ratio_old_health_m,ratio_pwd_health,ratio_pwd,ratio_pwd_all,ratio_bus_stops,ratio_bus_stops_f,ratio_bus_stops_m
Alicia,1.0,1.0,0.0,0.0,0.0,1.0,0.0,3.0,0.0,1.6556291390728477,3.571428571428571,3.0864197530864197,3.289473684210526,6.25,6.944444444444444,0.8620689655172413,1.7064846416382253,1.7421602787456445,0.0,0.0,0.0,0.0,0.0,0.0,0.16342539630658603,0.32041012495994875,0.333555703802535,1.6556291390728477,3.571428571428571,3.0864197530864197,1.8484288354898337,3.205128205128205,4.366812227074235,3.717472118959108,0.0,11.152416356877323,0.0,0.0,0.0
Amihan,1.0,0.0,0.0,0.0,0.0,1.0,0.0,2.0,0.0,3.6363636363636362,7.751937984496124,6.8493150684931505,7.8125,16.949152542372882,14.492753623188406,1.7391304347826089,3.6900369003690034,3.289473684210526,0.0,0.0,0.0,0.0,0.0,0.0,0.0,0.0,0.0,0.0,0.0,0.0,0.0,0.0,0.0,0.0,0.0,7.194244604316547,0.0,0.0,0.0
Apolonio Samson,3.0,3.0,0.0,0.0,0.0,3.0,0.0,9.0,0.0,0.7027406886858749,1.4091122592766556,1.4018691588785046,1.4436958614051971,2.8544243577545196,2.9211295034079843,0.4427390791027155,0.9135200974421437,0.8591065292096219,0.0,0.0,0.0,0.0,0.0,0.0,0.08920871866543757,0.1801693591976458,0.17669925786311697,0.7027406886858749,1.4091122592766556,1.4018691588785046,1.344688480502017,2.356637863315004,3.131524008350731,2.7573529411764706,0.0,8.272058823529411,0.0,0.0,0.0
Baesa,5.0,4.0,0.0,0.0,0.0,4.0,0.0,13.0,0.0,0.694058856191005,1.483679525222552,1.3041210224308817,1.1019283746556472,2.314814814814815,2.103049421661409,0.3187250996015936,0.6580029610133246,0.6181424818420647,0.0,0.0,0.0,0.0,0.0,0.0,0.07230788698277264,0.14699397324709687,0.14231330273597326,0.5552470849528041,1.1869436201780414,1.0432968179447053,1.0790396547073104,1.948368241597662,2.4183796856106405,2.7118644067796613,0.0,8.813559322033898,0.0,0.0,0.0
Bagbag,6.0,1.0,1.0,0.0,0.0,8.0,0.0,16.0,0.0,0.768836494105587,1.6051364365971108,1.4756517461878995,2.145347278090641,4.512126339537508,4.08997955010225,0.5570254839158892,1.1665208515602217,1.0660980810234542,0.0,0.0,0.0,0.0,0.0,0.0,0.015493066852583469,0.031191515907673117,0.030783438510081577,0.12813941568426448,0.26752273943285176,0.24594195769798327,0.19924287706714486,0.34223134839151265,0.47687172150691465,0.48123195380173245,0.48123195380173245,7.699711260827719,0.0,0.0,0.0
Bagong Lipunan ng Crame,2.0,2.0,3.0,0.0,0.0,5.0,0.0,12.0,0.0,1.7152658662092624,3.5650623885918002,3.3057851239669422,8.547008547008549,17.543859649122805,16.666666666666668,2.444987775061125,5.040322580645161,4.748338081671415,0.0,0.0,0.0,0.0,0.0,0.0,0.1467351430667645,0.281214848143982,0.3068425897514575,1.7152658662092624,3.5650623885918002,3.3057851239669422,1.7559262510974538,2.8530670470756063,4.5662100456621,3.8461538461538463,5.769230769230769,23.076923076923077,0.0,0.0,0.0
Bagong Pag-asa,4.0,3.0,8.0,0.0,0.0,10.0,0.0,25.0,2.0,1.1071132023249377,2.2727272727272725,2.1586616297895307,5.938242280285036,12.40694789081886,11.389521640091116,1.816860465116279,3.679175864606328,3.5893754486719307,0.0,0.0,0.0,0.0,0.0,0.0,0.1026658909688238,0.20578954589106874,0.2048760499897562,0.8303349017437033,1.7045454545454544,1.618996222342148,1.3953488372093024,2.3961661341853033,3.34075723830735,2.9615004935834155,7.897334649555774,24.679170779861796,0.0684439273125492,0.13719303059404583,0.13658403332650412
Bagong Silangan,13.0,2.0,0.0,0.0,0.0,13.0,0.0,28.0,0.0,0.8902280353352051,1.8753606462781303,1.694694303219919,1.8384952623391317,3.855278766310795,3.514463368477967,0.5066448419657821,1.0508447174844395,0.9783263094521374,0.0,0.0,0.0,0.0,0.0,0.0,0.01871397559697582,0.03795498538733063,0.036915353095352356,0.13695815928233926,0.28851702250432776,0.26072220049537215,0.3021604471974618,0.5339028296849972,0.6961364427427776,0.9041591320072332,0.0,12.658227848101266,0.0,0.0,0.0
Bagumbayan,2.0,0.0,4.0,0.0,0.0,6.0,0.0,12.0,1.0,1.1229646266142617,2.3809523809523814,2.1253985122210413,7.151370679380214,15.424164524421593,13.333333333333334,1.8547140649149925,3.8167938931297707,3.6079374624173184,0.0,0.0,0.0,0.0,0.0,0.0,0.0,0.0,0.0,0.0,0.0,0.0,0.0,0.0,0.0,0.0,5.284015852047556,15.852047556142669,0.04515284237142728,0.08950147677436678,0.09112447603426281
Bagumbuhay,1.0,1.0,0.0,0.0,0.0,2.0,0.0,4.0,0.0,1.663893510815308,3.4482758620689653,3.215434083601286,6.514657980456026,13.605442176870747,12.5,1.8001800180018002,3.6363636363636362,3.5650623885918002,0.0,0.0,0.0,0.0,0.0,0.0,0.15790304752881731,0.30432136335970783,0.3281916639317361,1.663893510815308,3.4482758620689653,3.215434083601286,1.375515818431912,2.2675736961451247,3.4965034965034967,2.7247956403269753,0.0,10.899182561307901,0.0,0.0,0.0
Bahay Toro,14.0,5.0,9.0,1.0,0.0,11.0,0.0,40.0,4.0,2.218700475435816,4.47427293064877,4.401131719585036,3.5065349059611095,7.10594315245478,6.922592825676526,0.9520512376666089,1.9784172661870503,1.8351685018351687,0.17921146953405018,0.30413625304136255,0.4363001745200698,1.574803149606299,2.257336343115124,5.208333333333333,0.08392641332080032,0.16484241065541344,0.17097524278484474,0.7923930269413629,1.5979546180888464,1.5718327569946557,0.8960573476702509,1.5206812652068127,2.181500872600349,2.3137436372049978,4.164738546968995,18.509949097639982,0.06714113065664025,0.13187392852433075,0.1367801942278758
Balingasa,3.0,1.0,1.0,0.0,0.0,3.0,0.0,8.0,0.0,1.4627011214041932,2.876318312559923,2.976190476190476,2.941176470588235,5.825242718446602,5.9405940594059405,0.7505629221916438,1.5560165975103732,1.4499758337361044,0.0,0.0,0.0,0.0,0.0,0.0,0.05196424859696529,0.10372368011617052,0.10413412475268145,0.4875670404680643,0.9587727708533077,0.992063492063492,0.6430868167202572,1.1299435028248588,1.492537313432836,1.7331022530329288,1.7331022530329288,13.86481802426343,0.0,0.0,0.0
Balong-bato,1.0,0.0,0.0,0.0,0.0,2.0,0.0,3.0,0.0,1.2345679012345678,2.457002457002457,2.4813895781637716,4.68384074941452,9.216589861751151,9.523809523809526,1.3245033112582782,2.6041666666666665,2.6954177897574128,0.0,0.0,0.0,0.0,0.0,0.0,0.0,0.0,0.0,0.0,0.0,0.0,0.0,0.0,0.0,0.0,0.0,10.526315789473683,0.0,0.0,0.0
Batasan Hills,16.0,8.0,4.0,1.0,1.0,25.0,0.0,55.0,3.0,0.7787403874233427,1.600480144043213,1.516731443738743,2.4645110410094637,5.058680696074464,4.805843906189927,0.6741088281292131,1.38811771238201,1.3105472845460264,0.08552125203112974,0.14914243102162564,0.20048115477145148,1.194743130227001,1.6103059581320451,4.62962962962963,0.04805468623293308,0.09572584119082946,0.09649598938544117,0.38937019371167136,0.8002400720216065,0.7583657218693715,0.684170016249038,1.193139448173005,1.6038492381716118,1.6909744240118367,0.8454872120059184,11.62544916508138,0.018020507337349903,0.03589719044656105,0.03618599601954044
Bayanihan,1.0,0.0,0.0,0.0,0.0,2.0,0.0,3.0,1.0,32.25806451612903,90.9090909090909,50.0,111.1111111111111,500.0,142.85714285714286,17.699115044247787,39.21568627450981,32.25806451612903,0.0,0.0,0.0,0.0,0.0,0.0,0.0,0.0,0.0,0.0,0.0,0.0,0.0,0.0,0.0,0.0,0.0,51.724137931034484,1.6313213703099512,3.289473684210526,3.236245954692557
Blue Ridge A,0.0,0.0,0.0,0.0,0.0,1.0,0.0,1.0,0.0,0.0,0.0,0.0,14.925373134328359,27.777777777777775,32.25806451612903,4.310344827586206,8.0,9.345794392523365,0.0,0.0,0.0,0.0,0.0,0.0,0.0,0.0,0.0,0.0,0.0,0.0,0.0,0.0,0.0,0.0,0.0,13.513513513513514,0.0,0.0,0.0
Blue Ridge B,0.0,0.0,0.0,0.0,0.0,2.0,0.0,2.0,0.0,0.0,0.0,0.0,60.60606060606061,125.0,117.6470588235294,15.748031496062993,46.51162790697674,23.809523809523807,0.0,0.0,0.0,0.0,0.0,0.0,0.0,0.0,0.0,0.0,0.0,0.0,0.0,0.0,0.0,0.0,0.0,33.898305084745765,0.0,0.0,0.0
Botocan,1.0,0.0,0.0,0.0,0.0,0.0,0.0,1.0,0.0,1.1820330969267139,2.638522427440633,2.1413276231263385,0.0,0.0,0.0,0.0,0.0,0.0,0.0,0.0,0.0,0.0,0.0,0.0,0.0,0.0,0.0,0.0,0.0,0.0,0.0,0.0,0.0,0.0,0.0,3.7037037037037037,0.0,0.0,0.0
Bungad,4.0,1.0,3.0,0.0,0.0,6.0,0.0,14.0,0.0,7.434944237918216,14.9812734082397,14.760147601476014,20.066889632107024,39.21568627450981,41.0958904109589,4.68384074941452,9.49367088607595,9.244992295839754,0.0,0.0,0.0,0.0,0.0,0.0,0.142571998859424,0.2794076557697681,0.2911208151382824,1.858736059479554,3.745318352059925,3.6900369003690034,1.3966480446927374,2.3809523809523814,3.3783783783783785,2.710027100271003,8.130081300813009,37.94037940379403,0.0,0.0,0.0
Camp Aguinaldo,1.0,2.0,0.0,0.0,0.0,3.0,0.0,6.0,0.0,2.7548209366391188,6.41025641025641,4.830917874396135,14.084507042253522,37.5,22.55639097744361,3.4246575342465753,6.864988558352402,6.83371298405467,0.0,0.0,0.0,0.0,0.0,0.0,0.611807892321811,1.2195121951219512,1.2277470841006752,5.5096418732782375,12.82051282051282,9.66183574879227,24.096385542168676,38.46153846153847,64.51612903225806,9.70873786407767,0.0,29.12621359223301,0.0,0.0,0.0
Capri,2.0,1.0,0.0,0.0,0.0,0.0,0.0,3.0,0.0,1.0660980810234542,2.0768431983385254,2.190580503833516,0.0,0.0,0.0,0.0,0.0,0.0,0.0,0.0,0.0,0.0,0.0,0.0,0.07750135627373479,0.15467904098994587,0.15532774153463808,0.5330490405117271,1.0384215991692627,1.095290251916758,1.4005602240896358,2.331002331002331,3.5087719298245617,2.7777777777777777,0.0,8.333333333333334,0.0,0.0,0.0
Central,5.0,4.0,3.0,0.0,0.0,1.0,0.0,13.0,4.0,2.1958717610891525,4.336513443191674,4.448398576512456,0.966183574879227,1.8867924528301887,1.9801980198019802,0.2961208172934557,0.6165228113440198,0.5698005698005698,0.0,0.0,0.0,0.0,0.0,0.0,0.20692152501163932,0.4165364990107258,0.41118421052631576,1.756697408871322,3.469210754553339,3.558718861209964,3.6003600360036003,5.9790732436472345,9.04977375565611,5.517241379310344,4.137931034482759,17.93103448275862,0.20692152501163932,0.4165364990107258,0.41118421052631576
Claro (Quirino 3-B),1.0,0.0,0.0,0.0,0.0,0.0,0.0,1.0,0.0,3.105590062111801,5.847953216374268,6.622516556291391,0.0,0.0,0.0,0.0,0.0,0.0,0.0,0.0,0.0,0.0,0.0,0.0,0.0,0.0,0.0,0.0,0.0,0.0,0.0,0.0,0.0,0.0,0.0,1.9305019305019306,0.0,0.0,0.0
Commonwealth,23.0,12.0,0.0,0.0,0.0,24.0,0.0,59.0,1.0,0.8031287101054543,1.6658216846527123,1.550805744723889,1.7024898914662694,3.5113386978785663,3.3048746901679977,0.47891764611976934,0.9914487544925021,0.9264263105072184,0.0,0.0,0.0,0.0,0.0,0.0,0.05630049450601008,0.11354711732255898,0.1116704975851255,0.4190236748376283,0.8691243572101108,0.8091160407255074,0.9165902841429882,1.604921760064197,2.13713268032057,2.557544757033248,0.0,12.57459505541347,0.00469170787550084,0.009462259776879913,0.009305874798760458
Culiat,4.0,3.0,0.0,0.0,0.0,8.0,0.0,15.0,1.0,0.5046045162104201,1.0582010582010584,0.9645526886906197,2.026342451874367,4.219409282700422,3.898635477582846,0.5777841976021956,1.2055455093429777,1.1095700416088765,0.0,0.0,0.0,0.0,0.0,0.0,0.04428240364887006,0.0884590434628767,0.08867082434309698,0.37845338715781507,0.7936507936507936,0.7234145165179648,0.5713197486193106,0.9986684420772304,1.335113484646195,1.1732499022291747,0.0,5.866249511145875,0.014760801216290021,0.029486347820958894,0.029556941447698992
Damar,0.0,0.0,0.0,0.0,0.0,0.0,0.0,0.0,0.0,0.0,0.0,0.0,0.0,0.0,0.0,0.0,0.0,0.0,0.0,0.0,0.0,0.0,0.0,0.0,0.0,0.0,0.0,0.0,0.0,0.0,0.0,0.0,0.0,0.0,0.0,0.0,0.0,0.0,0.0
Damayan,2.0,4.0,0.0,0.0,0.0,3.0,0.0,9.0,0.0,3.663003663003663,7.782101167315175,6.920415224913495,9.966777408637872,21.12676056338028,18.867924528301884,2.257336343115124,4.739336492890995,4.310344827586206,0.0,0.0,0.0,0.0,0.0,0.0,0.665889795238888,1.321003963011889,1.342732460557234,7.326007326007326,15.56420233463035,13.84083044982699,8.0,13.651877133105803,19.32367149758454,12.5,0.0,28.125,0.0,0.0,0.0
Damayang Lagi,1.0,0.0,0.0,0.0,0.0,3.0,0.0,4.0,0.0,0.41339396444811904,0.8223684210526315,0.8312551953449709,2.6223776223776225,5.484460694698354,5.025125628140704,0.7347538574577516,1.5007503751875937,1.4395393474088292,0.0,0.0,0.0,0.0,0.0,0.0,0.0,0.0,0.0,0.0,0.0,0.0,0.0,0.0,0.0,0.0,0.0,7.2727272727272725,0.0,0.0,0.0
Del Monte,2.0,0.0,0.0,0.0,0.0,1.0,0.0,3.0,0.0,1.9665683382497543,4.201680672268908,3.6968576709796674,2.1881838074398248,4.608294930875576,4.166666666666667,0.49751243781094523,1.0395010395010396,0.9541984732824427,0.0,0.0,0.0,0.0,0.0,0.0,0.0,0.0,0.0,0.0,0.0,0.0,0.0,0.0,0.0,0.0,0.0,7.481296758104738,0.0,0.0,0.0
Dioquino Zobel,1.0,0.0,0.0,0.0,0.0,0.0,0.0,1.0,0.0,5.4945054945054945,10.752688172043012,11.235955056179774,0.0,0.0,0.0,0.0,0.0,0.0,0.0,0.0,0.0,0.0,0.0,0.0,0.0,0.0,0.0,0.0,0.0,0.0,0.0,0.0,0.0,0.0,0.0,10.526315789473683,0.0,0.0,0.0
Don Manuel,1.0,0.0,0.0,0.0,0.0,4.0,0.0,5.0,0.0,5.714285714285714,10.526315789473683,12.5,40.816326530612244,65.57377049180329,108.10810810810811,11.594202898550725,24.844720496894407,21.73913043478261,0.0,0.0,0.0,0.0,0.0,0.0,0.0,0.0,0.0,0.0,0.0,0.0,0.0,0.0,0.0,0.0,0.0,24.875621890547265,0.0,0.0,0.0
Doña Aurora,1.0,0.0,0.0,0.0,0.0,3.0,0.0,4.0,0.0,3.0864197530864197,6.172839506172839,6.172839506172839,16.304347826086957,31.578947368421055,33.70786516853933,3.8071065989847717,7.874015748031496,7.371007371007371,0.0,0.0,0.0,0.0,0.0,0.0,0.0,0.0,0.0,0.0,0.0,0.0,0.0,0.0,0.0,0.0,0.0,17.62114537444934,0.0,0.0,0.0
Doña Imelda,2.0,2.0,1.0,0.0,0.0,6.0,0.0,11.0,1.0,1.4398848092152627,3.10077519379845,2.688172043010753,8.81057268722467,18.072289156626507,17.191977077363898,2.506265664160401,5.163511187607574,4.87012987012987,0.0,0.0,0.0,0.0,0.0,0.0,0.17092556191778482,0.3422899195618689,0.3414134516899966,1.4398848092152627,3.10077519379845,2.688172043010753,2.4330900243309004,4.282655246252677,5.633802816901409,3.4965034965034967,1.7482517482517483,19.230769230769234,0.08546278095889241,0.17114495978093444,0.1707067258449983
Doña Josefa,1.0,0.0,2.0,0.0,0.0,5.0,0.0,8.0,1.0,5.405405405405405,12.048192771084338,9.803921568627452,49.504950495049506,111.1111111111111,89.28571428571429,14.836795252225519,26.881720430107528,33.11258278145696,0.0,0.0,0.0,0.0,0.0,0.0,0.0,0.0,0.0,0.0,0.0,0.0,0.0,0.0,0.0,0.0,14.285714285714285,57.14285714285714,0.5385029617662898,1.02880658436214,1.1299435028248588
Duyan-duyan,1.0,0.0,0.0,0.0,0.0,6.0,0.0,7.0,0.0,3.6900369003690034,7.633587786259541,7.142857142857142,49.586776859504134,109.09090909090908,90.9090909090909,10.92896174863388,22.641509433962263,21.12676056338028,0.0,0.0,0.0,0.0,0.0,0.0,0.0,0.0,0.0,0.0,0.0,0.0,0.0,0.0,0.0,0.0,0.0,34.313725490196084,0.0,0.0,0.0
E. Rodriguez,4.0,1.0,3.0,0.0,0.0,8.0,0.0,16.0,1.0,2.333722287047841,4.7225501770956315,4.61361014994233,8.556149732620321,17.167381974248926,17.057569296375267,2.460781298062135,5.194805194805195,4.675628287551139,0.0,0.0,0.0,0.0,0.0,0.0,0.05785363031530229,0.11466574934067193,0.11676786548341896,0.5834305717619602,1.1806375442739079,1.1534025374855825,0.7112375533428166,1.2180267965895248,1.7094017094017093,1.124859392575928,3.374578177727784,17.99775028121485,0.05785363031530229,0.11466574934067193,0.11676786548341896
East Kamias,1.0,0.0,0.0,0.0,0.0,1.0,0.0,2.0,2.0,1.834862385321101,3.8461538461538463,3.5087719298245617,3.7593984962406015,7.633587786259541,7.407407407407407,0.9115770282588879,1.8867924528301887,1.763668430335097,0.0,0.0,0.0,0.0,0.0,0.0,0.0,0.0,0.0,0.0,0.0,0.0,0.0,0.0,0.0,0.0,0.0,4.878048780487805,0.3130380341211457,0.6071645415907712,0.6462035541195477
Escopa 1,0.0,2.0,0.0,0.0,0.0,0.0,0.0,2.0,0.0,0.0,0.0,0.0,0.0,0.0,0.0,0.0,0.0,0.0,0.0,0.0,0.0,0.0,0.0,0.0,0.9478672985781991,1.9083969465648853,1.8832391713747645,8.438818565400844,17.543859649122805,16.260162601626018,8.88888888888889,14.084507042253522,24.096385542168676,15.267175572519083,0.0,15.267175572519083,0.0,0.0,0.0
Escopa 2,1.0,0.0,0.0,0.0,0.0,0.0,0.0,1.0,0.0,4.25531914893617,8.403361344537815,8.620689655172413,0.0,0.0,0.0,0.0,0.0,0.0,0.0,0.0,0.0,0.0,0.0,0.0,0.0,0.0,0.0,0.0,0.0,0.0,0.0,0.0,0.0,0.0,0.0,10.638297872340425,0.0,0.0,0.0
Escopa 3,1.0,0.0,0.0,0.0,0.0,0.0,0.0,1.0,0.0,0.8665511265164644,1.8484288354898337,1.6313213703099512,0.0,0.0,0.0,0.0,0.0,0.0,0.0,0.0,0.0,0.0,0.0,0.0,0.0,0.0,0.0,0.0,0.0,0.0,0.0,0.0,0.0,0.0,0.0,2.150537634408602,0.0,0.0,0.0
Escopa 4,2.0,0.0,0.0,0.0,0.0,0.0,0.0,2.0,0.0,8.097165991902834,15.384615384615385,17.094017094017097,0.0,0.0,0.0,0.0,0.0,0.0,0.0,0.0,0.0,0.0,0.0,0.0,0.0,0.0,0.0,0.0,0.0,0.0,0.0,0.0,0.0,0.0,0.0,20.408163265306122,0.0,0.0,0.0
Fairview,13.0,4.0,8.0,4.0,0.0,33.0,0.0,62.0,0.0,1.8802429852473244,3.8621509209744502,3.6640360766629083,9.906934854398079,20.27027027027027,19.377568995889607,2.57530825659435,5.264837268666241,5.0412465627864345,0.8151620134501731,1.3986013986013985,1.9540791402051783,6.968641114982578,10.15228426395939,22.22222222222222,0.0650427656183941,0.12775879140183333,0.13249859220245785,0.5785363031530228,1.1883541295306002,1.1273957158962795,0.8151620134501731,1.3986013986013985,1.9540791402051783,2.017145738779627,4.034291477559254,31.265758951084216,0.0,0.0,0.0
Greater Lagro,5.0,4.0,6.0,0.0,0.0,18.0,0.0,33.0,0.0,2.5303643724696356,5.091649694501019,5.030181086519114,17.716535433070867,35.01945525291829,35.85657370517929,4.457652303120357,9.240246406570842,8.61244019138756,0.0,0.0,0.0,0.0,0.0,0.0,0.17053206002728513,0.32832635639825986,0.3548301250776191,2.0242914979757085,4.0733197556008145,4.024144869215292,1.1277135607555682,1.9065776930409915,2.7605244996549345,3.4662045060658575,5.199306759098787,28.59618717504333,0.0,0.0,0.0
Gulod,7.0,5.0,2.0,1.0,0.0,7.0,0.0,22.0,1.0,0.8530343650987082,1.7391304347826089,1.6742406122937097,1.7994858611825193,3.586065573770492,3.611971104231166,0.4764173415912339,0.9994288977727014,0.9103914683313824,0.2349624060150376,0.40338846308995563,0.5627462014631401,2.770083102493075,3.6900369003690034,11.11111111111111,0.07999360051195904,0.16191709844559585,0.15810276679841898,0.6093102607847916,1.2422360248447206,1.1958861516383639,1.1748120300751879,2.016942315449778,2.8137310073157002,2.3775558725630055,0.9510223490252021,10.461245839277224,0.015998720102391808,0.03238341968911917,0.03162055335968379
Holy Spirit,13.0,8.0,4.0,2.0,0.0,33.0,0.0,60.0,0.0,0.9267179925862561,1.9426180514046623,1.772082878953108,4.745470232959447,9.930785434848028,9.088405397961994,1.3165769000598444,2.7113630761646537,2.559329920893439,0.24897298643097227,0.42909246942716156,0.5931198102016608,2.8129395218002813,4.008016032064128,9.433962264150942,0.07157683773530885,0.14270169993400048,0.1436085231658499,0.570287995437696,1.195457262402869,1.0905125408942202,0.9958919457238891,1.7163698777086462,2.3724792408066433,2.3453532688361185,1.1726766344180592,17.59014951627089,0.0,0.0,0.0
Horseshoe,1.0,0.0,0.0,0.0,0.0,1.0,0.0,2.0,0.0,3.5460992907801416,7.518796992481203,6.7114093959731544,8.547008547008549,18.867924528301884,15.625,2.044989775051125,4.184100418410042,4.0,0.0,0.0,0.0,0.0,0.0,0.0,0.0,0.0,0.0,0.0,0.0,0.0,0.0,0.0,0.0,0.0,0.0,12.738853503184714,0.0,0.0,0.0
Immaculate Concepcion,3.0,0.0,3.0,0.0,0.0,2.0,0.0,8.0,0.0,4.225352112676056,8.928571428571429,8.02139037433155,5.128205128205129,10.92896174863388,9.66183574879227,1.447178002894356,3.076923076923077,2.73224043715847,0.0,0.0,0.0,0.0,0.0,0.0,0.0,0.0,0.0,0.0,0.0,0.0,0.0,0.0,0.0,0.0,7.125890736342043,19.002375296912113,0.0,0.0,0.0
Kaligayahan,9.0,4.0,4.0,0.0,0.0,11.0,0.0,28.0,0.0,1.352569882777277,2.823086574654956,2.59665320253895,3.261191817373258,6.811145510835914,6.257110352673493,0.877682917098859,1.8112958998847357,1.7027863777089784,0.0,0.0,0.0,0.0,0.0,0.0,0.06620214825971103,0.13065490772497143,0.13420116755015768,0.6011421701232341,1.2547051442910915,1.154068090017311,0.7713073659853451,1.3175230566534915,1.86046511627907,1.876172607879925,1.876172607879925,13.133208255159476,0.0,0.0,0.0
Kalusugan,0.0,1.0,0.0,1.0,0.0,1.0,0.0,3.0,1.0,0.0,0.0,0.0,2.9940119760479043,6.369426751592357,5.649717514124294,0.8695652173913044,1.7482517482517483,1.7301038062283738,3.1746031746031744,6.25,6.451612903225806,62.5,71.42857142857143,500.0,0.21181952976064394,0.41271151465125877,0.4351610095735422,1.4992503748125936,2.881844380403458,3.125,3.1746031746031744,6.25,6.451612903225806,4.132231404958678,0.0,12.396694214876034,0.21181952976064394,0.41271151465125877,0.4351610095735422
Kamuning,1.0,4.0,3.0,0.0,0.0,6.0,0.0,14.0,2.0,0.9017132551848511,1.858736059479554,1.7513134851138354,10.92896174863388,22.058823529411764,21.660649819494584,2.8169014084507045,5.752636625119846,5.519779208831647,0.0,0.0,0.0,0.0,0.0,0.0,0.3295164346321773,0.6325110689437066,0.6878761822871883,3.6068530207394045,7.434944237918216,7.005253940455342,3.0234315948601664,4.962779156327543,7.7369439071566735,5.633802816901409,4.225352112676056,19.71830985915493,0.16475821731608864,0.3162555344718533,0.34393809114359414
Katipunan,2.0,0.0,0.0,0.0,0.0,1.0,0.0,3.0,0.0,2.1321961620469083,4.291845493562231,4.237288135593221,2.1929824561403506,4.184100418410042,4.608294930875576,0.6042296072507553,1.2690355329949237,1.1534025374855825,0.0,0.0,0.0,0.0,0.0,0.0,0.0,0.0,0.0,0.0,0.0,0.0,0.0,0.0,0.0,0.0,0.0,10.238907849829351,0.0,0.0,0.0
Kaunlaran,2.0,1.0,2.0,1.0,0.0,4.0,0.0,10.0,1.0,1.9342359767891684,3.968253968253968,3.7735849056603774,7.722007722007723,17.241379310344826,13.986013986013987,2.0779220779220777,4.201680672268908,4.110996916752312,0.8032128514056225,1.366120218579235,1.949317738791423,7.462686567164179,9.523809523809526,34.48275862068965,0.08263779852904718,0.16020506247997437,0.17067759003242874,0.9671179883945842,1.984126984126984,1.8867924528301887,0.8032128514056225,1.366120218579235,1.949317738791423,1.3368983957219251,2.6737967914438503,13.368983957219251,0.08263779852904718,0.16020506247997437,0.17067759003242874
Kristong Hari,5.0,0.0,5.0,1.0,0.0,2.0,0.0,13.0,2.0,10.845986984815617,20.74688796680498,22.727272727272727,8.23045267489712,13.986013986013987,20.0,2.136752136752137,4.434589800443459,4.123711340206186,1.9083969465648853,2.857142857142857,5.747126436781609,22.22222222222222,28.57142857142857,100.0,0.0,0.0,0.0,0.0,0.0,0.0,0.0,0.0,0.0,0.0,23.36448598130841,60.74766355140187,0.3345040976751965,0.6297229219143576,0.7135212272565109
Krus na Ligas,4.0,2.0,0.0,0.0,0.0,3.0,0.0,9.0,0.0,1.7913121361397224,3.5746201966041107,3.5906642728904847,2.7548209366391188,5.7251908396946565,5.3097345132743365,0.6691947356680794,1.374255611543747,1.3043478260869565,0.0,0.0,0.0,0.0,0.0,0.0,0.09395405646638794,0.18608113137327875,0.18977132555270898,0.8956560680698612,1.7873100983020553,1.7953321364452424,1.1933174224343677,1.990049751243781,2.9806259314456036,2.229654403567447,0.0,10.033444816053512,0.0,0.0,0.0
Laging Handa,1.0,0.0,4.0,0.0,0.0,2.0,0.0,7.0,4.0,4.166666666666667,7.936507936507936,8.771929824561402,17.543859649122805,31.25,40.0,3.4602076124567476,6.7114093959731544,7.142857142857142,0.0,0.0,0.0,0.0,0.0,0.0,0.0,0.0,0.0,0.0,0.0,0.0,0.0,0.0,0.0,0.0,10.781671159029651,18.867924528301884,0.8326394671107411,1.486988847583643,1.8921475875118259
Libis,2.0,1.0,0.0,0.0,0.0,1.0,0.0,4.0,0.0,3.976143141153081,8.771929824561402,7.2727272727272725,4.366812227074235,10.752688172043012,7.352941176470588,1.2626262626262628,2.5706940874035986,2.4813895781637716,0.0,0.0,0.0,0.0,0.0,0.0,0.2376425855513308,0.47938638542665385,0.471253534401508,1.9880715705765406,4.385964912280701,3.6363636363636362,2.9154518950437316,4.424778761061947,8.547008547008549,5.847953216374268,0.0,23.391812865497073,0.0,0.0,0.0
Lourdes,2.0,1.0,0.0,0.0,0.0,8.0,0.0,11.0,0.0,8.23045267489712,17.241379310344826,15.748031496062993,55.94405594405595,129.03225806451613,98.76543209876543,14.209591474245116,28.88086642599278,27.972027972027973,0.0,0.0,0.0,0.0,0.0,0.0,0.22675736961451248,0.43122035360068994,0.47824007651841227,4.11522633744856,8.620689655172413,7.874015748031496,1.3986013986013985,2.3866348448687353,3.3783783783783785,4.587155963302752,0.0,50.45871559633028,0.0,0.0,0.0
Loyola Heights,5.0,1.0,3.0,0.0,0.0,16.0,0.0,25.0,3.0,2.6595744680851063,5.417118093174431,5.2246603970741905,17.957351290684624,37.2093023255814,34.70715835140998,3.996003996003996,8.447729672650475,7.5829383886255926,0.0,0.0,0.0,0.0,0.0,0.0,0.04783087004352609,0.09189487226612754,0.09975062344139651,0.5319148936170213,1.0834236186348862,1.0449320794148382,0.4837929366231253,0.8326394671107411,1.1547344110854503,0.9000900090009001,2.7002700270027002,22.5022502250225,0.1434926101305783,0.27568461679838263,0.2992518703241895
Maharlika,0.0,2.0,3.0,0.0,0.0,5.0,0.0,10.0,0.0,0.0,0.0,0.0,30.48780487804878,66.66666666666667,56.17977528089887,8.025682182985554,16.129032258064516,15.974440894568689,0.0,0.0,0.0,0.0,0.0,0.0,0.4616805170821791,0.878348704435661,0.9732360097323601,6.493506493506494,12.422360248447204,13.605442176870747,3.2206119162640903,5.319148936170213,8.16326530612245,10.050251256281408,15.07537688442211,50.25125628140704,0.0,0.0,0.0
Malaya,1.0,0.0,1.0,0.0,0.0,3.0,0.0,5.0,0.0,5.025125628140704,9.433962264150942,10.752688172043012,28.30188679245283,54.54545454545454,58.8235294117647,6.451612903225806,15.07537688442211,11.278195488721805,0.0,0.0,0.0,0.0,0.0,0.0,0.0,0.0,0.0,0.0,0.0,0.0,0.0,0.0,0.0,0.0,5.347593582887701,26.737967914438503,0.0,0.0,0.0
Mangga,1.0,0.0,0.0,0.0,0.0,1.0,0.0,2.0,0.0,12.5,22.727272727272727,27.777777777777775,25.64102564102564,43.47826086956522,62.5,5.263157894736842,9.615384615384617,11.627906976744185,0.0,0.0,0.0,0.0,0.0,0.0,0.0,0.0,0.0,0.0,0.0,0.0,0.0,0.0,0.0,0.0,0.0,95.23809523809523,0.0,0.0,0.0
Manresa,4.0,0.0,2.0,0.0,0.0,3.0,0.0,9.0,0.0,1.7429193899782134,3.6596523330283626,3.327787021630616,2.7198549410698094,5.545286506469501,5.338078291814947,0.7915567282321899,1.6429353778751368,1.5274949083503055,0.0,0.0,0.0,0.0,0.0,0.0,0.0,0.0,0.0,0.0,0.0,0.0,0.0,0.0,0.0,0.0,4.4543429844097995,20.0445434298441,0.0,0.0,0.0
Mariana,4.0,1.0,4.0,1.0,0.0,6.0,0.0,16.0,0.0,4.9504950495049505,10.101010101010102,9.70873786407767,14.563106796116505,30.0,28.30188679245283,3.6607687614399023,7.389162561576354,7.255139056831923,0.6261740763932373,1.0515247108307044,1.5479876160990713,4.016064257028112,5.9171597633136095,12.5,0.0871763577717723,0.15625,0.19719976336028397,1.2376237623762376,2.5252525252525255,2.4271844660194173,0.6261740763932373,1.0515247108307044,1.5479876160990713,1.7825311942959001,7.1301247771836005,28.520499108734402,0.0,0.0,0.0
Mariblo,1.0,0.0,0.0,0.0,0.0,0.0,0.0,1.0,0.0,2.985074626865672,5.747126436781609,6.211180124223602,0.0,0.0,0.0,0.0,0.0,0.0,0.0,0.0,0.0,0.0,0.0,0.0,0.0,0.0,0.0,0.0,0.0,0.0,0.0,0.0,0.0,0.0,0.0,6.172839506172839,0.0,0.0,0.0
Marilag,3.0,1.0,0.0,0.0,1.0,3.0,0.0,8.0,2.0,3.264417845484222,7.194244604316547,5.9760956175298805,7.177033492822967,17.857142857142858,12.0,1.7657445556209534,3.4443168771526977,3.6231884057971016,0.0,0.0,0.0,0.0,0.0,0.0,0.07978299026647519,0.14988009592326137,0.17059024223814398,1.088139281828074,2.398081534772182,1.9920318725099602,0.6321112515802781,1.0152284263959392,1.6750418760469012,1.3192612137203166,0.0,10.554089709762533,0.15956598053295037,0.29976019184652275,0.34118048447628796
Masagana,1.0,0.0,0.0,0.0,0.0,0.0,0.0,1.0,0.0,3.3112582781456954,5.780346820809248,7.751937984496124,0.0,0.0,0.0,0.0,0.0,0.0,0.0,0.0,0.0,0.0,0.0,0.0,0.0,0.0,0.0,0.0,0.0,0.0,0.0,0.0,0.0,0.0,0.0,4.11522633744856,0.0,0.0,0.0
Masambong,3.0,2.0,0.0,0.0,0.0,4.0,0.0,9.0,0.0,3.4129692832764507,6.976744186046512,6.6815144766147,8.196721311475411,17.167381974248926,15.686274509803921,2.3014959723820483,4.733727810650888,4.479283314669653,0.0,0.0,0.0,0.0,0.0,0.0,0.22781637999772184,0.4479283314669653,0.46360686138154844,2.2753128555176336,4.651162790697675,4.4543429844097995,2.1253985122210413,3.7313432835820897,4.938271604938271,5.555555555555555,0.0,25.0,0.0,0.0,0.0
Matandang Balara,19.0,5.0,3.0,0.0,0.0,13.0,0.0,40.0,0.0,2.3514851485148514,4.801617386909275,4.608294930875576,3.213049925852694,6.385068762278978,6.467661691542288,0.8931025006870019,1.8366770274088726,1.7384327360256753,0.0,0.0,0.0,0.0,0.0,0.0,0.0720492240298572,0.1427022090301958,0.14552227946098548,0.6188118811881188,1.2635835228708618,1.2127091923356779,0.8975049362771494,1.5842839036755385,2.070393374741201,2.0584602717167555,1.2350761630300535,16.467682173734044,0.0,0.0,0.0
Milagrosa,2.0,1.0,1.0,0.0,0.0,9.0,0.0,13.0,0.0,3.2948929159802307,6.369426751592357,6.825938566552901,30.0,57.69230769230769,62.5,8.514664143803218,17.647058823529413,16.453382084095065,0.0,0.0,0.0,0.0,0.0,0.0,0.14760147601476015,0.27862914460852606,0.31387319522912743,1.6474464579901154,3.1847133757961785,3.4129692832764507,1.1806375442739079,2.0242914979757085,2.8328611898017,2.8328611898017,2.8328611898017,36.827195467422094,0.0,0.0,0.0
N. S. Amoranto (Gintong Silahis),2.0,0.0,0.0,0.0,0.0,0.0,0.0,2.0,0.0,4.587155963302752,8.88888888888889,9.47867298578199,0.0,0.0,0.0,0.0,0.0,0.0,0.0,0.0,0.0,0.0,0.0,0.0,0.0,0.0,0.0,0.0,0.0,0.0,0.0,0.0,0.0,0.0,0.0,6.153846153846154,0.0,0.0,0.0
Nagkaisang Nayon,11.0,2.0,0.0,0.0,0.0,6.0,0.0,19.0,2.0,1.6742770167427703,3.498727735368957,3.210741389375365,1.9212295869356388,4.051316677920324,3.6540803897685747,0.525808430461835,1.0731532820604543,1.0309278350515465,0.0,0.0,0.0,0.0,0.0,0.0,0.037187854446737695,0.07441860465116279,0.07433286255853713,0.30441400304414007,0.6361323155216285,0.5837711617046117,0.5254860746190225,0.9178522257916476,1.229256299938537,1.2642225031605563,0.0,12.010113780025286,0.037187854446737695,0.07441860465116279,0.07433286255853713
Nayong Kanluran,1.0,0.0,4.0,0.0,0.0,1.0,0.0,6.0,0.0,4.587155963302752,8.928571428571429,9.433962264150942,9.70873786407767,17.241379310344826,22.22222222222222,2.242152466367713,4.329004329004329,4.651162790697675,0.0,0.0,0.0,0.0,0.0,0.0,0.0,0.0,0.0,0.0,0.0,0.0,0.0,0.0,0.0,0.0,34.188034188034194,51.28205128205128,0.0,0.0,0.0
New Era,0.0,1.0,0.0,0.0,0.0,4.0,0.0,5.0,0.0,0.0,0.0,0.0,4.597701149425287,9.900990099009901,8.583690987124463,1.3360053440213762,2.6990553306342777,2.6455026455026456,0.0,0.0,0.0,0.0,0.0,0.0,0.07639419404125286,0.153727901614143,0.15186028853454822,0.5379236148466917,1.160092807424594,1.0030090270812437,1.483679525222552,2.5252525252525255,3.5971223021582737,2.9154518950437316,0.0,14.577259475218659,0.0,0.0,0.0
North Fairview,8.0,1.0,1.0,2.0,0.0,11.0,0.0,23.0,0.0,1.5426147319706902,3.218020917135961,2.962962962962963,4.280155642023347,9.03861955628595,8.130081300813009,1.0940919037199124,2.2950135614437723,2.090857251473104,0.6222775357809583,1.0604453870625663,1.5060240963855422,6.8728522336769755,10.15228426395939,21.27659574468085,0.022546897546897548,0.04489539373260304,0.04529395778603134,0.19282684149633628,0.40225261464199513,0.37037037037037035,0.3111387678904792,0.5302226935312832,0.7530120481927711,0.7530120481927711,0.7530120481927711,17.319277108433734,0.0,0.0,0.0
Novaliches Proper,3.0,6.0,1.0,0.0,0.0,18.0,0.0,28.0,1.0,1.6268980477223427,3.4482758620689653,3.080082135523614,19.78021978021978,41.76334106728538,37.578288100208766,5.044843049327354,10.209869540555871,9.972299168975068,0.0,0.0,0.0,0.0,0.0,0.0,0.38872691933916426,0.7780082987551866,0.7769001683283697,3.2537960954446854,6.896551724137931,6.160164271047228,6.085192697768763,10.638297872340425,14.218009478672984,10.56338028169014,1.7605633802816902,49.29577464788732,0.06478781988986071,0.12966804979253113,0.12948336138806163
Obrero,1.0,0.0,2.0,0.0,0.0,1.0,0.0,4.0,0.0,0.9624639076034649,1.7889087656529516,2.0833333333333335,1.9455252918287937,3.676470588235294,4.132231404958678,0.5232862375719519,1.1655011655011656,0.9496676163342831,0.0,0.0,0.0,0.0,0.0,0.0,0.0,0.0,0.0,0.0,0.0,0.0,0.0,0.0,0.0,0.0,4.651162790697675,9.30232558139535,0.0,0.0,0.0
Old Capitol Site,2.0,0.0,0.0,0.0,0.0,0.0,0.0,2.0,0.0,13.513513513513514,27.027027027027028,27.027027027027028,0.0,0.0,0.0,0.0,0.0,0.0,0.0,0.0,0.0,0.0,0.0,0.0,0.0,0.0,0.0,0.0,0.0,0.0,0.0,0.0,0.0,0.0,0.0,8.064516129032258,0.0,0.0,0.0
Paang Bundok,1.0,1.0,1.0,0.0,0.0,2.0,0.0,5.0,0.0,2.444987775061125,4.854368932038835,4.926108374384237,8.547008547008549,16.393442622950822,17.857142857142858,2.0855057351407718,4.329004329004329,4.024144869215292,0.0,0.0,0.0,0.0,0.0,0.0,0.20807324178110695,0.40241448692152915,0.4308487720809996,2.444987775061125,4.854368932038835,4.926108374384237,1.6835016835016834,2.8089887640449436,4.201680672268908,4.504504504504505,4.504504504504505,22.52252252252252,0.0,0.0,0.0
Pag-ibig sa Nayon,1.0,0.0,0.0,0.0,0.0,2.0,0.0,3.0,0.0,1.4970059880239521,3.0303030303030303,2.9585798816568047,5.617977528089887,10.752688172043012,11.76470588235294,1.6849199663016006,3.1948881789137378,3.5650623885918002,0.0,0.0,0.0,0.0,0.0,0.0,0.0,0.0,0.0,0.0,0.0,0.0,0.0,0.0,0.0,0.0,0.0,18.404907975460123,0.0,0.0,0.0
Paligsahan,3.0,0.0,3.0,0.0,1.0,4.0,0.0,11.0,2.0,12.096774193548386,26.548672566371682,22.22222222222222,38.0952380952381,83.33333333333333,70.17543859649122,7.285974499089253,15.32567049808429,13.888888888888888,0.0,0.0,0.0,0.0,0.0,0.0,0.0,0.0,0.0,0.0,0.0,0.0,0.0,0.0,0.0,0.0,10.90909090909091,40.0,0.5685048322910744,1.1217049915872126,1.1527377521613833
Paltok,3.0,3.0,1.0,0.0,0.0,4.0,0.0,11.0,0.0,1.5479876160990713,3.0272452068617555,3.1678986272439285,4.17536534446764,8.097165991902834,8.620689655172413,1.1487650775416427,2.3378141437755695,2.258610954263128,0.0,0.0,0.0,0.0,0.0,0.0,0.16559032952475575,0.32254596279969894,0.34029038112522686,1.5479876160990713,3.0272452068617555,3.1678986272439285,1.70261066969353,2.8222013170272815,4.291845493562231,4.87012987012987,1.6233766233766236,17.857142857142858,0.0,0.0,0.0
Pansol,5.0,2.0,0.0,0.0,0.0,1.0,0.0,8.0,1.0,1.094570928196147,2.1949078138718177,2.1834061135371177,0.44150110375275936,0.8741258741258742,0.8920606601248885,0.12498437695288088,0.26631158455392806,0.23551577955723035,0.0,0.0,0.0,0.0,0.0,0.0,0.05676335357892945,0.11463288817561759,0.11244167088322933,0.43782837127845886,0.8779631255487269,0.8733624454148472,0.8417508417508417,1.4727540500736376,1.9646365422396854,1.639344262295082,0.0,6.557377049180328,0.028381676789464724,0.057316444087808796,0.056220835441614665
Paraiso,0.0,0.0,2.0,0.0,0.0,0.0,0.0,2.0,0.0,0.0,0.0,0.0,0.0,0.0,0.0,0.0,0.0,0.0,0.0,0.0,0.0,0.0,0.0,0.0,0.0,0.0,0.0,0.0,0.0,0.0,0.0,0.0,0.0,0.0,13.422818791946309,13.422818791946309,0.0,0.0,0.0
Pasong Putik Proper,4.0,5.0,1.0,0.0,0.0,10.0,0.0,20.0,0.0,0.7779074290159471,1.6319869441044472,1.4864362690449648,4.065040650406504,8.46740050804403,7.818608287724785,1.1021712774165104,2.2356360384529395,2.1739130434782608,0.0,0.0,0.0,0.0,0.0,0.0,0.12553351744915892,0.2517750138476258,0.25036302638826297,0.9723842862699338,2.039983680130559,1.8580453363062057,1.7686593562079944,3.1446540880503147,4.042037186742118,3.8314176245210727,0.7662835249042146,15.32567049808429,0.0,0.0,0.0
Pasong Tamo,12.0,4.0,3.0,1.0,0.0,24.0,0.0,44.0,0.0,0.8476970895733258,1.7714791851195748,1.625575724735844,3.389830508474576,7.128007128007128,6.463775922434689,0.9996667777407531,2.074688796680498,1.9292604501607717,0.12645422357106728,0.22084805653710246,0.2958579881656805,1.7094017094017093,2.403846153846154,5.9171597633136095,0.036175523640704706,0.07261636772928619,0.07208765859284891,0.28256569652444197,0.5904930617065249,0.541858574911948,0.5058168942842691,0.8833922261484098,1.183431952662722,1.1560693641618498,0.8670520231213873,12.716763005780347,0.0,0.0,0.0
Payatas,20.0,7.0,0.0,0.0,0.0,24.0,0.0,51.0,0.0,0.9587268107952639,1.990842126219391,1.8492834026814609,2.3913909924272616,4.995836802664447,4.587155963302752,0.6745741750519985,1.3999883334305547,1.3018714401952807,0.0,0.0,0.0,0.0,0.0,0.0,0.050128902893153825,0.10186411327289395,0.0987013719490701,0.33555438377834235,0.6967947441767868,0.6472491909385113,0.943777807738978,1.6778523489932886,2.1571648690292755,1.996007984031936,0.0,14.54234388366125,0.0,0.0,0.0
Phil-Am,0.0,0.0,1.0,2.0,0.0,1.0,0.0,4.0,0.0,0.0,0.0,0.0,14.925373134328359,25.64102564102564,35.714285714285715,3.8461538461538463,8.620689655172413,6.944444444444444,4.444444444444445,7.49063670411985,10.92896174863388,22.727272727272727,34.48275862068965,66.66666666666667,0.0,0.0,0.0,0.0,0.0,0.0,0.0,0.0,0.0,0.0,5.9880239520958085,23.952095808383234,0.0,0.0,0.0
Pinagkaisahan,2.0,1.0,0.0,0.0,0.0,2.0,0.0,5.0,0.0,5.899705014749262,12.903225806451612,10.869565217391305,11.76470588235294,28.985507246376812,19.801980198019802,2.898550724637681,5.9171597633136095,5.681818181818182,0.0,0.0,0.0,0.0,0.0,0.0,0.22951572182694516,0.44903457566232596,0.4694835680751174,2.949852507374631,6.451612903225806,5.434782608695652,2.4330900243309004,3.952569169960474,6.329113924050633,3.215434083601286,0.0,16.07717041800643,0.0,0.0,0.0
Pinyahan,1.0,3.0,4.0,1.0,0.0,7.0,0.0,16.0,2.0,0.3951007506914263,0.8097165991902834,0.7716049382716049,5.658852061438965,11.51315789473684,11.128775834658187,1.6682554814108677,3.40632603406326,3.269500233535731,0.5973715651135005,1.0298661174047374,1.4224751066856332,6.622516556291391,9.433962264150942,22.22222222222222,0.1380961148959676,0.2723311546840959,0.28016436309301457,1.185302252074279,2.4291497975708505,2.314814814814815,1.7921146953405018,3.089598352214212,4.2674253200568995,2.403846153846154,3.205128205128205,12.82051282051282,0.09206407659731172,0.18155410312273057,0.1867762420620097
Project 6,2.0,2.0,1.0,0.0,0.0,7.0,0.0,12.0,3.0,1.8214936247723132,3.6496350364963503,3.6363636363636362,13.358778625954198,28.112449799196785,25.454545454545457,3.225806451612903,6.542056074766355,6.363636363636364,0.0,0.0,0.0,0.0,0.0,0.0,0.16903313049357674,0.3239915762190183,0.35341933203746245,1.8214936247723132,3.6496350364963503,3.6363636363636362,1.5372790161414296,2.557544757033248,3.8535645472061657,3.252032520325203,1.6260162601626016,19.51219512195122,0.2535496957403651,0.48598736432852746,0.5301289980561937
Quirino 2-A,1.0,0.0,1.0,0.0,0.0,2.0,0.0,4.0,1.0,2.5380710659898473,5.025125628140704,5.128205128205129,10.050251256281408,19.04761904761905,21.27659574468085,2.4360535931790497,5.141388174807197,4.62962962962963,0.0,0.0,0.0,0.0,0.0,0.0,0.0,0.0,0.0,0.0,0.0,0.0,0.0,0.0,0.0,0.0,4.219409282700422,16.877637130801688,0.2163565556036348,0.4171881518564873,0.44943820224719105
Quirino 2-B,1.0,1.0,1.0,1.0,0.0,3.0,0.0,7.0,0.0,3.4602076124567476,8.196721311475411,5.9880239520958085,19.108280254777068,40.54054054054054,36.144578313253014,5.128205128205129,10.452961672473869,10.06711409395973,1.8484288354898337,3.278688524590164,4.237288135593221,15.151515151515152,20.0,62.5,0.25497195308516063,0.5015045135406219,0.5186721991701245,3.4602076124567476,8.196721311475411,5.9880239520958085,1.8484288354898337,3.278688524590164,4.237288135593221,4.132231404958678,4.132231404958678,28.925619834710744,0.0,0.0,0.0
Quirino 2-C,1.0,0.0,0.0,0.0,0.0,0.0,0.0,1.0,0.0,3.717472118959108,8.620689655172413,6.5359477124183005,0.0,0.0,0.0,0.0,0.0,0.0,0.0,0.0,0.0,0.0,0.0,0.0,0.0,0.0,0.0,0.0,0.0,0.0,0.0,0.0,0.0,0.0,0.0,5.263157894736842,0.0,0.0,0.0
Quirino 3-A,0.0,0.0,1.0,0.0,0.0,1.0,0.0,2.0,1.0,0.0,0.0,0.0,31.25,71.42857142857143,55.55555555555555,6.993006993006993,16.129032258064516,12.345679012345679,0.0,0.0,0.0,0.0,0.0,0.0,0.0,0.0,0.0,0.0,0.0,0.0,0.0,0.0,0.0,0.0,12.82051282051282,25.64102564102564,0.946969696969697,1.890359168241966,1.8975332068311195
Ramon Magsaysay,2.0,0.0,3.0,0.0,0.0,5.0,0.0,10.0,3.0,1.3670539986329462,2.73972602739726,2.728512960436562,6.868131868131868,14.45086705202312,13.089005235602095,1.7445917655268668,3.481894150417827,3.4965034965034967,0.0,0.0,0.0,0.0,0.0,0.0,0.0,0.0,0.0,0.0,0.0,0.0,0.0,0.0,0.0,0.0,5.084745762711864,16.949152542372882,0.2094825780322603,0.4108463434675431,0.4274113121527283
Roxas,2.0,2.0,1.0,0.0,0.0,2.0,0.0,7.0,1.0,1.8726591760299625,3.51493848857645,4.008016032064128,3.656307129798903,7.407407407407407,7.220216606498195,0.975609756097561,1.9569471624266144,1.9455252918287937,0.0,0.0,0.0,0.0,0.0,0.0,0.1875293014533521,0.36469730123997085,0.38602586373287007,1.8726591760299625,3.51493848857645,4.008016032064128,1.8365472910927456,3.2414910858995136,4.237288135593221,3.4662045060658575,1.7331022530329288,12.131715771230503,0.09376465072667604,0.18234865061998543,0.19301293186643503
Sacred Heart,0.0,0.0,6.0,0.0,0.0,9.0,0.0,15.0,0.0,0.0,0.0,0.0,29.12621359223301,66.17647058823529,52.02312138728324,8.687258687258687,17.17557251908397,17.578125,0.0,0.0,0.0,0.0,0.0,0.0,0.0,0.0,0.0,0.0,0.0,0.0,0.0,0.0,0.0,0.0,17.29106628242075,43.22766570605187,0.0,0.0,0.0
Salvacion,1.0,0.0,0.0,0.0,0.0,1.0,0.0,2.0,0.0,1.663893510815308,3.5211267605633805,3.1545741324921135,3.5460992907801416,7.352941176470588,6.8493150684931505,0.8936550491510277,1.968503937007874,1.6366612111292964,0.0,0.0,0.0,0.0,0.0,0.0,0.0,0.0,0.0,0.0,0.0,0.0,0.0,0.0,0.0,0.0,0.0,7.380073800738007,0.0,0.0,0.0
San Agustin,4.0,0.0,1.0,0.0,0.0,5.0,0.0,10.0,0.0,1.2965964343598053,2.8129395218002813,2.4052916416115453,3.4036759700476513,7.385524372230428,6.313131313131313,0.9114108640174992,1.847063169560399,1.7992083483267363,0.0,0.0,0.0,0.0,0.0,0.0,0.0,0.0,0.0,0.0,0.0,0.0,0.0,0.0,0.0,0.0,0.942507068803016,9.425070688030159,0.0,0.0,0.0
San Antonio,4.0,3.0,0.0,1.0,1.0,4.0,0.0,13.0,0.0,1.6090104585679805,3.2599837000814995,3.177124702144559,3.2,6.4,6.4,0.8746993221080254,1.78173719376392,1.7182130584192439,0.5157297576070139,0.8726003490401396,1.2610340479192939,5.681818181818182,7.936507936507936,20.0,0.13495883755454585,0.2697114087925919,0.2701242571582928,1.2067578439259854,2.444987775061125,2.3828435266084194,1.547189272821042,2.617801047120419,3.7831021437578816,3.6991368680641186,0.0,16.029593094944513,0.0,0.0,0.0
San Bartolome,5.0,3.0,0.0,0.0,0.0,18.0,0.0,26.0,2.0,0.8989572096368212,1.8545994065281899,1.7445917655268668,6.493506493506494,13.61573373676248,12.413793103448276,1.7326017903551834,3.5321821036106753,3.4007179293406384,0.0,0.0,0.0,0.0,0.0,0.0,0.05876016061110567,0.11564704521799468,0.11945528390539141,0.5393743257820928,1.112759643916914,1.0467550593161201,0.6191950464396285,1.0452961672473868,1.5189873417721518,1.415762151958471,0.0,12.269938650306749,0.03917344040740378,0.07709803014532979,0.07963685593692761
San Isidro,1.0,1.0,0.0,0.0,0.0,0.0,0.0,2.0,0.0,1.4184397163120568,2.976190476190476,2.710027100271003,0.0,0.0,0.0,0.0,0.0,0.0,0.0,0.0,0.0,0.0,0.0,0.0,0.15267175572519084,0.3013863773357444,0.3094059405940594,1.4184397163120568,2.976190476190476,2.710027100271003,1.8832391713747645,3.115264797507788,4.761904761904763,3.4364261168384878,0.0,6.8728522336769755,0.0,0.0,0.0
San Isidro Labrador,1.0,0.0,0.0,0.0,0.0,2.0,0.0,3.0,0.0,1.9723865877712032,4.081632653061225,3.8167938931297707,7.8125,16.80672268907563,14.598540145985401,1.8365472910927456,3.6832412523020257,3.663003663003663,0.0,0.0,0.0,0.0,0.0,0.0,0.0,0.0,0.0,0.0,0.0,0.0,0.0,0.0,0.0,0.0,0.0,12.658227848101266,0.0,0.0,0.0
San Jose,1.0,1.0,1.0,0.0,0.0,2.0,0.0,5.0,0.0,1.697792869269949,3.389830508474576,3.401360544217687,6.3897763578274756,12.195121951219512,13.422818791946309,1.6680567139282736,3.4305317324185247,3.246753246753247,0.0,0.0,0.0,0.0,0.0,0.0,0.17111567419575632,0.33500837520938026,0.3497726477789437,1.697792869269949,3.389830508474576,3.401360544217687,1.6722408026755853,2.7027027027027026,4.385964912280701,4.273504273504274,4.273504273504274,21.367521367521366,0.0,0.0,0.0
San Martin de Porres,2.0,1.0,0.0,0.0,0.0,2.0,0.0,5.0,0.0,1.8993352326685662,3.992015968063872,3.6231884057971016,3.6101083032490977,7.326007326007326,7.117437722419928,0.9564801530368245,1.9646365422396854,1.863932898415657,0.0,0.0,0.0,0.0,0.0,0.0,0.0859697386519945,0.16992353440951571,0.17400382808421785,0.9496676163342831,1.996007984031936,1.8115942028985508,1.0964912280701753,1.9120458891013383,2.5706940874035986,1.9880715705765406,0.0,9.940357852882704,0.0,0.0,0.0
San Roque,2.0,3.0,3.0,0.0,0.0,6.0,0.0,14.0,0.0,1.0593220338983051,2.1436227224008575,2.0942408376963355,6.528835690968444,12.76595744680851,13.3630289532294,1.759014951627089,3.4071550255536627,3.6363636363636362,0.0,0.0,0.0,0.0,0.0,0.0,0.1572409455422192,0.3031527890056589,0.32669062397909177,1.5889830508474578,3.215434083601286,3.141361256544503,1.70261066969353,2.8011204481792715,4.341534008683069,2.8544243577545196,2.8544243577545196,13.320647002854425,0.0,0.0,0.0
San Vicente,2.0,2.0,0.0,0.0,0.0,1.0,0.0,5.0,0.0,2.395209580838323,5.037783375314861,4.5662100456621,2.3866348448687353,4.901960784313726,4.651162790697675,0.6662225183211192,1.3736263736263736,1.29366106080207,0.0,0.0,0.0,0.0,0.0,0.0,0.27932960893854747,0.5549389567147613,0.562429696287964,2.395209580838323,5.037783375314861,4.5662100456621,3.5087719298245617,5.9880239520958085,8.474576271186441,7.067137809187279,0.0,17.6678445229682,0.0,0.0,0.0
Sangandaan,4.0,1.0,1.0,0.0,0.0,8.0,0.0,14.0,0.0,1.9550342130987293,4.085801838610828,3.7488284910965324,7.540056550424128,15.238095238095237,14.925373134328359,2.0125786163522013,4.130098089829634,3.9254170755642783,0.0,0.0,0.0,0.0,0.0,0.0,0.0474811262523147,0.09254974548819991,0.09750390015600624,0.4887585532746823,1.021450459652707,0.9372071227741331,0.45641259698767683,0.76103500761035,1.1402508551881414,0.9813542688910696,0.9813542688910696,13.738959764474975,0.0,0.0,0.0
Santol,1.0,0.0,0.0,1.0,0.0,2.0,0.0,4.0,0.0,1.594896331738437,3.2679738562091503,3.115264797507788,6.172839506172839,13.245033112582782,11.560693641618496,1.6155088852988693,3.51493848857645,2.9895366218236172,1.4858841010401187,2.557544757033248,3.5460992907801416,13.333333333333334,21.27659574468085,35.714285714285715,0.0,0.0,0.0,0.0,0.0,0.0,0.0,0.0,0.0,0.0,0.0,11.11111111111111,0.0,0.0,0.0
Sauyo,7.0,3.0,1.0,0.0,0.0,8.0,0.0,19.0,0.0,0.7746790615316512,1.5840687938447613,1.5161360190599957,1.789709172259508,3.5922766052986077,3.5666518056174765,0.4756525358225816,0.9860717367188463,0.9189065012634965,0.0,0.0,0.0,0.0,0.0,0.0,0.039336008181889696,0.07861841243219161,0.07872569344214973,0.33200531208499334,0.678886625933469,0.649772579597141,0.604960677555959,1.0737294201861132,1.3856812933025404,1.3175230566534915,0.4391743522178305,8.34431269213878,0.0,0.0,0.0
Sienna,1.0,0.0,1.0,0.0,0.0,3.0,0.0,5.0,0.0,9.345794392523365,15.151515151515152,24.390243902439025,52.63157894736842,76.92307692307693,166.66666666666666,10.714285714285714,23.076923076923077,20.0,0.0,0.0,0.0,0.0,0.0,0.0,0.0,0.0,0.0,0.0,0.0,0.0,0.0,0.0,0.0,0.0,7.575757575757576,37.87878787878788,0.0,0.0,0.0
Sikatuna Village,0.0,0.0,1.0,1.0,0.0,1.0,0.0,3.0,0.0,0.0,0.0,0.0,4.484304932735426,9.25925925925926,8.695652173913043,1.1655011655011656,2.4213075060532687,2.247191011235955,1.1235955056179776,1.834862385321101,2.898550724637681,7.142857142857142,10.638297872340425,21.73913043478261,0.0,0.0,0.0,0.0,0.0,0.0,0.0,0.0,0.0,0.0,2.7247956403269753,8.174386920980925,0.0,0.0,0.0
Silangan,4.0,0.0,0.0,0.0,0.0,2.0,0.0,6.0,0.0,10.582010582010582,23.52941176470588,19.230769230769234,10.582010582010582,26.666666666666668,17.543859649122805,2.554278416347382,5.235602094240838,4.987531172069826,0.0,0.0,0.0,0.0,0.0,0.0,0.0,0.0,0.0,0.0,0.0,0.0,0.0,0.0,0.0,0.0,0.0,22.900763358778626,0.0,0.0,0.0
Socorro,2.0,1.0,5.0,0.0,0.0,7.0,0.0,15.0,1.0,1.098901098901099,2.1621621621621623,2.2346368715083798,7.675438596491228,14.98929336188437,15.730337078651687,2.1591610117211597,4.408060453400504,4.2321644498186215,0.0,0.0,0.0,0.0,0.0,0.0,0.04504910352283989,0.08553588230262595,0.0951746454744456,0.5494505494505495,1.0810810810810811,1.1173184357541899,0.4723665564478035,0.7955449482895784,1.1627906976744187,0.6993006993006993,3.4965034965034967,10.48951048951049,0.04504910352283989,0.08553588230262595,0.0951746454744456
South Triangle,2.0,0.0,9.0,1.0,0.0,7.0,0.0,19.0,0.0,1.6792611251049538,3.875968992248062,2.962962962962963,11.272141706924316,24.822695035460995,20.64896755162242,3.2588454376163876,6.647673314339981,6.392694063926941,0.7782101167315175,1.3123359580052494,1.9120458891013383,10.204081632653061,12.987012987012989,47.61904761904761,0.0,0.0,0.0,0.0,0.0,0.0,0.0,0.0,0.0,0.0,10.416666666666666,21.99074074074074,0.0,0.0,0.0
St. Ignatius,1.0,0.0,2.0,0.0,0.0,0.0,0.0,3.0,0.0,7.751937984496124,15.625,15.384615384615385,0.0,0.0,0.0,0.0,0.0,0.0,0.0,0.0,0.0,0.0,0.0,0.0,0.0,0.0,0.0,0.0,0.0,0.0,0.0,0.0,0.0,0.0,17.391304347826086,26.08695652173913,0.0,0.0,0.0
St. Peter,1.0,0.0,0.0,0.0,0.0,0.0,0.0,1.0,0.0,3.4364261168384878,6.5359477124183005,7.246376811594203,0.0,0.0,0.0,0.0,0.0,0.0,0.0,0.0,0.0,0.0,0.0,0.0,0.0,0.0,0.0,0.0,0.0,0.0,0.0,0.0,0.0,0.0,0.0,4.901960784313726,0.0,0.0,0.0
Sta. Cruz,1.0,0.0,0.0,0.0,0.0,2.0,0.0,3.0,0.0,2.6455026455026456,5.952380952380952,4.761904761904763,10.15228426395939,23.52941176470588,17.857142857142858,2.8776978417266186,6.309148264984227,5.291005291005291,0.0,0.0,0.0,0.0,0.0,0.0,0.0,0.0,0.0,0.0,0.0,0.0,0.0,0.0,0.0,0.0,0.0,14.85148514851485,0.0,0.0,0.0
Sta. Lucia,5.0,4.0,0.0,0.0,0.0,7.0,0.0,16.0,0.0,1.3989927252378287,3.0321406913280775,2.5974025974025974,4.011461318051576,8.567931456548347,7.543103448275862,1.0274475267870247,2.12636695018226,1.9880715705765406,0.0,0.0,0.0,0.0,0.0,0.0,0.1417685628211944,0.2878526194588371,0.2793491165584189,1.1191941801902632,2.4257125530624624,2.0779220779220777,1.949317738791423,3.4188034188034186,4.535147392290249,4.662004662004662,0.0,18.64801864801865,0.0,0.0,0.0
Sta. Monica,7.0,1.0,0.0,0.0,1.0,7.0,0.0,16.0,0.0,1.0490034467256106,2.157829839704069,2.041411490230388,2.1116138763197587,4.361370716510903,4.093567251461988,0.5943284088979454,1.2464387464387465,1.1359948068808827,0.0,0.0,0.0,0.0,0.0,0.0,0.019310611180843873,0.0387762224204118,0.03846745653177412,0.1498576352465158,0.3082614056720099,0.2916302128900554,0.2416626389560174,0.41562759767248547,0.5773672055427251,0.7147962830593281,0.0,11.43674052894925,0.0,0.0,0.0
Sta. Teresita,2.0,1.0,4.0,0.0,0.0,3.0,0.0,10.0,0.0,2.403846153846154,5.0,4.62962962962963,6.564551422319474,14.285714285714285,12.145748987854251,1.744186046511628,3.4364261168384878,3.541912632821724,0.0,0.0,0.0,0.0,0.0,0.0,0.08509189925119127,0.164446637066272,0.17633574325515783,1.201923076923077,2.5,2.314814814814815,0.8237232289950577,1.4204545454545454,1.9607843137254901,2.4390243902439024,9.75609756097561,24.390243902439025,0.0,0.0,0.0
Sto. Cristo,3.0,0.0,3.0,1.0,0.0,8.0,0.0,15.0,2.0,1.2009607686148918,2.435064935064935,2.3696682464454977,6.488240064882401,12.944983818770227,13.008130081300813,1.7671747294013695,3.686635944700461,3.394145099703012,0.423728813559322,0.7072135785007072,1.0570824524312896,4.608294930875576,6.451612903225806,16.129032258064516,0.0,0.0,0.0,0.0,0.0,0.0,0.0,0.0,0.0,0.0,4.137931034482759,20.689655172413794,0.07783009689847065,0.15240417587441896,0.1590583744234134
Sto. Domingo (Matalahib),1.0,1.0,7.0,0.0,0.0,3.0,0.0,12.0,0.0,0.774593338497289,1.6155088852988693,1.488095238095238,4.6875,9.316770186335404,9.433962264150942,1.2376237623762376,2.5252525252525255,2.4271844660194173,0.0,0.0,0.0,0.0,0.0,0.0,0.08808244516867789,0.17614937466971992,0.1761804087385483,0.774593338497289,1.6155088852988693,1.488095238095238,1.0810810810810811,1.86219739292365,2.577319587628866,2.5641025641025643,17.94871794871795,30.76923076923077,0.0,0.0,0.0
Sto. Niño,1.0,1.0,0.0,0.0,0.0,0.0,0.0,2.0,0.0,1.4534883720930232,2.8328611898017,2.985074626865672,0.0,0.0,0.0,0.0,0.0,0.0,0.0,0.0,0.0,0.0,0.0,0.0,0.14144271570014144,0.28506271379703535,0.2807411566535654,1.4534883720930232,2.8328611898017,2.985074626865672,1.392757660167131,2.3255813953488373,3.472222222222222,2.9585798816568047,0.0,5.9171597633136095,0.0,0.0,0.0
Tagumpay,1.0,0.0,1.0,0.0,0.0,0.0,0.0,2.0,0.0,3.663003663003663,7.575757575757576,7.092198581560283,0.0,0.0,0.0,0.0,0.0,0.0,0.0,0.0,0.0,0.0,0.0,0.0,0.0,0.0,0.0,0.0,0.0,0.0,0.0,0.0,0.0,0.0,6.369426751592357,12.738853503184714,0.0,0.0,0.0
Talayan,1.0,0.0,0.0,0.0,0.0,3.0,0.0,4.0,0.0,1.9120458891013383,4.329004329004329,3.4246575342465753,11.627906976744185,24.193548387096772,22.388059701492537,3.4246575342465753,7.246376811594203,6.493506493506494,0.0,0.0,0.0,0.0,0.0,0.0,0.0,0.0,0.0,0.0,0.0,0.0,0.0,0.0,0.0,0.0,0.0,30.534351145038165,0.0,0.0,0.0
Talipapa,7.0,4.0,3.0,0.0,0.0,8.0,0.0,22.0,5.0,1.6778523489932886,3.309692671394799,3.403014098201264,3.7842951750236518,7.5685903500473035,7.5685903500473035,1.0456149522938178,2.2002200220022,1.9925280199252802,0.0,0.0,0.0,0.0,0.0,0.0,0.10277228231545951,0.20262398054809788,0.20855057351407716,0.9587727708533077,1.8912529550827422,1.9445794846864364,1.203369434416366,2.0253164556962027,2.965159377316531,2.8208744710860367,2.1156558533145278,15.514809590973202,0.1284653528943244,0.25327997568512234,0.26068821689259647
Tandang Sora,7.0,4.0,3.0,1.0,1.0,21.0,0.0,37.0,4.0,0.7675438596491229,1.6080863772111187,1.4684287812041115,4.6916890080428955,9.70873786407767,9.079118028534372,1.286764705882353,2.667005334010668,2.4863840871418423,0.1286504567091213,0.22381378692927484,0.302571860816944,1.4513788098693758,2.0964360587002098,4.716981132075471,0.04813651515698521,0.09505251651537473,0.09752529562355236,0.4385964912280702,0.9189065012634965,0.8391021606880638,0.5146018268364853,0.8952551477170994,1.210287443267776,1.3908205841446453,1.043115438108484,12.86509040333797,0.04813651515698521,0.09505251651537473,0.09752529562355236
Tatalon,3.0,3.0,3.0,0.0,0.0,7.0,0.0,16.0,0.0,0.41079008626591806,0.8488964346349746,0.7959671000265323,1.8918918918918919,3.837719298245614,3.7313432835820897,0.5387101739264276,1.1137629276054097,1.043374571471158,0.0,0.0,0.0,0.0,0.0,0.0,0.05417118093174431,0.10951303205081404,0.10719645537054241,0.41079008626591806,0.8488964346349746,0.7959671000265323,0.8771929824561404,1.5151515151515151,2.0833333333333335,1.846153846153846,1.846153846153846,9.846153846153847,0.0,0.0,0.0
Teachers Village East,0.0,0.0,1.0,0.0,0.0,2.0,0.0,3.0,0.0,0.0,0.0,0.0,29.41176470588235,52.63157894736842,66.66666666666667,6.968641114982578,13.986013986013987,13.888888888888888,0.0,0.0,0.0,0.0,0.0,0.0,0.0,0.0,0.0,0.0,0.0,0.0,0.0,0.0,0.0,0.0,4.329004329004329,12.987012987012989,0.0,0.0,0.0
Teachers Village West,1.0,0.0,1.0,0.0,0.0,1.0,0.0,3.0,0.0,4.975124378109452,10.869565217391305,9.174311926605505,9.523809523809526,18.51851851851852,19.607843137254903,2.1231422505307855,4.608294930875576,3.937007874015748,0.0,0.0,0.0,0.0,0.0,0.0,0.0,0.0,0.0,0.0,0.0,0.0,0.0,0.0,0.0,0.0,4.201680672268908,12.605042016806722,0.0,0.0,0.0
U. P. Campus,11.0,1.0,0.0,0.0,0.0,6.0,0.0,18.0,1.0,1.7690575747828885,3.669112741827885,3.4161490683229814,1.976284584980237,4.026845637583893,3.8809831824062098,0.543773790103317,1.1267605633802817,1.050972149238045,0.0,0.0,0.0,0.0,0.0,0.0,0.02122151012266033,0.04298302170642596,0.041916418661189586,0.16082341588935348,0.333555703802535,0.31055900621118016,0.33003300330033003,0.5717552887364208,0.78064012490242,0.9009009009009009,0.0,16.216216216216218,0.02122151012266033,0.04298302170642596,0.041916418661189586
U. P. Village,1.0,0.0,1.0,0.0,0.0,4.0,0.0,6.0,0.0,5.847953216374268,10.0,14.084507042253522,48.19277108433735,83.33333333333333,114.28571428571428,9.828009828009828,19.704433497536947,19.607843137254903,0.0,0.0,0.0,0.0,0.0,0.0,0.0,0.0,0.0,0.0,0.0,0.0,0.0,0.0,0.0,0.0,4.291845493562231,25.751072961373392,0.0,0.0,0.0
Ugong Norte,1.0,0.0,2.0,0.0,0.0,4.0,0.0,7.0,2.0,1.088139281828074,2.1231422505307855,2.232142857142857,10.15228426395939,21.164021164021165,19.51219512195122,4.499437570303712,9.111617312072893,8.88888888888889,0.0,0.0,0.0,0.0,0.0,0.0,0.0,0.0,0.0,0.0,0.0,0.0,0.0,0.0,0.0,0.0,6.309148264984227,22.082018927444796,0.3174099349309633,0.5908419497784342,0.6858710562414265
Unang Sigaw,1.0,0.0,0.0,0.0,0.0,1.0,0.0,2.0,0.0,1.0235414534288638,2.155172413793103,1.949317738791423,2.061855670103093,4.444444444444445,3.8461538461538463,0.6191950464396285,1.3020833333333333,1.1806375442739079,0.0,0.0,0.0,0.0,0.0,0.0,0.0,0.0,0.0,0.0,0.0,0.0,0.0,0.0,0.0,0.0,0.0,11.299435028248588,0.0,0.0,0.0
Valencia,0.0,0.0,2.0,0.0,0.0,0.0,0.0,2.0,0.0,0.0,0.0,0.0,0.0,0.0,0.0,0.0,0.0,0.0,0.0,0.0,0.0,0.0,0.0,0.0,0.0,0.0,0.0,0.0,0.0,0.0,0.0,0.0,0.0,0.0,3.7735849056603774,3.7735849056603774,0.0,0.0,0.0
Vasra,2.0,0.0,0.0,0.0,0.0,2.0,0.0,4.0,1.0,2.1691973969631237,4.444444444444445,4.237288135593221,4.901960784313726,10.050251256281408,9.569377990430622,1.3201320132013201,2.7472527472527473,2.5412960609911055,0.0,0.0,0.0,0.0,0.0,0.0,0.0,0.0,0.0,0.0,0.0,0.0,0.0,0.0,0.0,0.0,0.0,11.363636363636363,0.13635124079629124,0.27442371020856204,0.27100271002710025
Veterans Village,1.0,2.0,0.0,0.0,0.0,6.0,0.0,9.0,0.0,1.026694045174538,2.1413276231263385,1.9723865877712032,11.695906432748536,25.862068965517242,21.352313167259787,2.9585798816568047,5.9113300492610845,5.923000987166831,0.0,0.0,0.0,0.0,0.0,0.0,0.15756716300323015,0.2990877822640945,0.333000333000333,2.053388090349076,4.282655246252677,3.9447731755424065,1.3495276653171389,2.2650056625141564,3.33889816360601,3.0959752321981426,0.0,13.93188854489164,0.0,0.0,0.0
Villa Maria Clara,1.0,0.0,0.0,0.0,0.0,1.0,0.0,2.0,0.0,5.025125628140704,9.09090909090909,11.235955056179774,11.235955056179774,23.25581395348837,21.73913043478261,2.331002331002331,4.784688995215311,4.545454545454545,0.0,0.0,0.0,0.0,0.0,0.0,0.0,0.0,0.0,0.0,0.0,0.0,0.0,0.0,0.0,0.0,0.0,13.986013986013987,0.0,0.0,0.0
West Kamias,2.0,0.0,1.0,0.0,0.0,1.0,0.0,4.0,1.0,6.042296072507553,13.513513513513514,10.92896174863388,6.024096385542169,11.904761904761903,12.195121951219512,1.5772870662460567,3.1446540880503147,3.1645569620253164,0.0,0.0,0.0,0.0,0.0,0.0,0.0,0.0,0.0,0.0,0.0,0.0,0.0,0.0,0.0,0.0,3.7593984962406015,15.037593984962406,0.2472799208704253,0.48851978505129456,0.500751126690035
West Triangle,0.0,2.0,1.0,0.0,0.0,1.0,0.0,4.0,2.0,0.0,0.0,0.0,11.904761904761903,23.25581395348837,24.390243902439025,3.717472118959108,8.064516129032258,6.896551724137931,0.0,0.0,0.0,0.0,0.0,0.0,0.8278145695364238,1.5037593984962407,1.8416206261510129,13.986013986013987,23.809523809523807,33.898305084745765,4.914004914004914,8.88888888888889,10.989010989010989,8.333333333333334,4.166666666666667,16.666666666666668,0.8278145695364238,1.5037593984962407,1.8416206261510129
White Plains,0.0,0.0,0.0,0.0,0.0,4.0,0.0,4.0,0.0,0.0,0.0,0.0,54.794520547945204,133.33333333333334,93.02325581395348,11.267605633802818,21.978021978021978,23.12138728323699,0.0,0.0,0.0,0.0,0.0,0.0,0.0,0.0,0.0,0.0,0.0,0.0,0.0,0.0,0.0,0.0,0.0,21.62162162162162,0.0,0.0,0.0
