barangay,Childcare,Health centers,Long-term care and rehabilitation services,Older persons care,Quezon City satellite offices for services,Schools,Trainings,Total,psgc_code,district,area_km2,pop_census,pop_male,pop_female,age_0_2,age_0_2_m,age_0_2_f,age_3_5,age_3_5_m,age_3_5_f,age_0_5,age_0_5_m,age_0_5_f,age_6_17,age_6_17_m,age_6_17_f,age_18_59,age_18_59_m,age_18_59_f,age_60plus,age_60plus_m,age_60plus_f,age_80plus,age_80plus_m,age_80plus_f,children_0_5_childcare,children_0_17_total,pop_density_km2,seniors_registered,pwd_registered,seniors_density_km2,seniors_per_1000_census,pwd_density_km2,pwd_per_1000_census,disability_prevalence_rate_pct,sex_ratio_m_per_100f,share_women_18_59_pct,child_woman_ratio,pop_cbms_secondary,cbms_avg_household_size,cbms_avg_nuclear_families_per_hh,cbms_food_insecurity_prevalence_pct,cbms_food_severe_wholeday_pct,cbms_food_intensity_score,cbms_housing_inadequacy_index_pct,cbms_housing_makeshift_severe_pct,migrant_workers_total,migrant_workers_male,migrant_workers_female,ratio_child,ratio_childcare,ratio_childcare_f,ratio_childcare_m,ratio_old_60,ratio_old_60_f,ratio_old_60_m,ratio_pwd,ratio_school_3_5,ratio_school_3_5_f,ratio_school_3_5_m,ratio_school_6_17,ratio_school_6_17_f,ratio_school_6_17_m,ratio_old_80,ratio_old_80_f,ratio_old_80_m,ratio_pop_health,ratio_pop_health_f,ratio_pop_health_m,ratio_child_health,ratio_child_health_f,ratio_child_health_m,ratio_old_health,ratio_old_health_f,ratio_old_health_m,ratio_pwd_health,domestic_workers_female,domestic_workers_male,domestic_workers_total
Alicia,1,1,0,0,0,2,0,4,,1,0.1147,6119,2998,3121,300,180,120,304,144,160,604,324,280,1160,574,586,3814,1871,1943,541,229,312,48,12,36,604,1764,53347.9,949.0,269,8273.8,155.1,2345.2,44.0,4.4,96.1,31.75,289.4,4115.0,3.42,1.15,17.61,1.5,3.329,6.34,0.5,50.0,24.0,26.0,1.655629139,1.655629139,3.571428571,3.086419753,0.0,0.0,0.0,0.0,6.578947368,12.5,13.88888889,1.724137931,3.412969283,3.484320557,0.0,0.0,0.0,0.1634253963,0.320410125,0.3335557038,1.655629139,3.571428571,3.086419753,1.848428835,3.205128205,4.366812227,3.717472119,4.0,0.0,4.0
Amihan,1,0,0,0,0,1,0,2,,3,0.1295,3513,1691,1822,147,77,70,128,69,59,275,146,129,575,304,271,2169,1045,1124,494,196,298,76,24,52,275,850,27127.4,1078.0,278,8324.3,306.9,2146.7,79.1,7.91,92.8,32.0,243.9,2258.0,3.38,1.17,21.71,3.29,3.364,6.99,0.45,38.0,18.0,20.0,3.636363636,3.636363636,7.751937984,6.849315068,0.0,0.0,0.0,0.0,7.8125,16.94915254,14.49275362,1.739130435,3.6900369,3.289473684,0.0,0.0,0.0,0.0,0.0,0.0,0.0,0.0,0.0,0.0,0.0,0.0,0.0,1.0,0.0,1.0
Apolonio Samson,3,2,0,0,0,2,0,7,,6,1.9227,33629,16978,16651,2191,1113,1078,2078,1027,1051,4269,2140,2129,6776,3492,3284,20353,10388,9965,2231,958,1273,138,45,93,4269,11045,17490.5,4228.0,1088,2199.0,125.7,565.9,32.4,3.24,102.0,29.63,393.7,27887.0,3.38,1.15,40.08,7.93,3.484,10.47,0.87,569.0,231.0,338.0,0.7027406887,0.7027406887,1.409112259,1.401869159,0.0,0.0,0.0,0.0,0.9624639076,1.902949572,1.947419669,0.2951593861,0.6090133983,0.5727376861,0.0,0.0,0.0,0.05947247911,0.1201129061,0.1177995052,0.4684937925,0.9394081729,0.9345794393,0.896458987,1.571091909,2.087682672,1.838235294,16.0,0.0,16.0
Baesa,5,2,0,0,0,5,0,12,,6,1.9513,55319,28107,27212,3574,1932,1642,3630,1902,1728,7204,3834,3370,12550,6471,6079,31858,16148,15710,3707,1654,2053,258,83,175,7204,19754,28349.8,6090.0,1475,3121.0,110.1,755.9,26.7,2.67,103.3,28.4,405.4,42254.0,3.36,1.04,26.84,3.12,3.396,15.28,0.95,880.0,378.0,502.0,0.6940588562,0.6940588562,1.483679525,1.304121022,0.0,0.0,0.0,0.0,1.377410468,2.893518519,2.628811777,0.3984063745,0.8225037013,0.7726781023,0.0,0.0,0.0,0.03615394349,0.07349698662,0.07115665137,0.2776235425,0.5934718101,0.521648409,0.5395198274,0.9741841208,1.209189843,1.355932203,3.0,0.0,3.0
Bagbag,5,1,0,0,0,19,0,25,,5,2.0287,64545,32485,32060,4075,2110,1965,3729,1956,1773,7804,4066,3738,14362,7504,6858,37360,18818,18542,5019,2097,2922,383,113,270,7804,22166,31815.9,7303.0,2078,3599.8,113.1,1024.3,32.2,3.22,101.3,28.73,377.4,48229.0,3.78,1.07,30.78,13.57,4.003,7.09,0.19,783.0,304.0,479.0,0.6406970784,0.6406970784,1.337613697,1.229709788,0.0,0.0,0.0,0.0,5.095199785,10.71630006,9.713701431,1.322935524,2.770487022,2.531982942,0.0,0.0,0.0,0.01549306685,0.03119151591,0.03078343851,0.1281394157,0.2675227394,0.2459419577,0.1992428771,0.3422313484,0.4768717215,0.4812319538,2.0,0.0,2.0
Bagong Lipunan ng Crame,1,0,3,0,0,8,0,12,,4,0.912,13630,6518,7112,581,305,276,585,300,285,1166,605,561,2045,1053,992,9280,4422,4858,1139,438,701,105,36,69,1166,3211,14945.2,1636.0,520,1793.9,120.0,570.2,38.2,3.82,91.6,35.64,230.3,4204.0,2.95,1.08,20.93,0.49,1.981,3.65,0.07,55.0,23.0,32.0,0.8576329331,0.8576329331,1.782531194,1.652892562,0.0,0.0,0.0,5.769230769,13.67521368,28.07017544,26.66666667,3.91198044,8.064516129,7.597340931,0.0,0.0,0.0,0.0,0.0,0.0,0.0,0.0,0.0,0.0,0.0,0.0,0.0,9.0,0.0,9.0
Bagong Pag-asa,2,2,7,0,0,9,0,20,,1,1.0975,29221,14643,14578,1929,975,954,1684,878,806,3613,1853,1760,5504,2786,2718,17954,9106,8848,2150,898,1252,194,51,143,3613,9117,26625.1,3844.0,1013,3502.5,131.5,923.0,34.7,3.47,100.4,30.28,377.4,15777.0,3.08,1.01,30.61,2.87,2.981,12.94,3.95,410.0,194.0,216.0,0.5535566012,0.5535566012,1.136363636,1.079330815,0.0,0.0,0.0,6.910167818,5.344418052,11.1662531,10.25056948,1.635174419,3.311258278,3.230437904,0.0,0.0,0.0,0.06844392731,0.1371930306,0.1365840333,0.5535566012,1.136363636,1.079330815,0.9302325581,1.597444089,2.227171492,1.974333662,1.0,0.0,1.0
Bagong Silangan,9,2,0,0,0,33,0,44,,2,5.4203,106872,54178,52694,7532,3972,3560,7071,3699,3372,14603,7671,6932,25659,13288,12371,59991,30346,29645,6619,2873,3746,517,155,362,14603,40262,19717.0,8593.0,2212,1585.3,80.4,408.1,20.7,2.07,102.8,27.74,444.7,91252.0,3.77,1.05,18.61,6.26,3.716,4.37,0.58,1368.0,507.0,861.0,0.6163117168,0.6163117168,1.298326601,1.173249902,0.0,0.0,0.0,0.0,4.666949512,9.786476868,8.921330089,1.286098445,2.667528898,2.483443709,0.0,0.0,0.0,0.0187139756,0.03795498539,0.0369153531,0.1369581593,0.2885170225,0.2607222005,0.3021604472,0.5339028297,0.6961364427,0.904159132,182.0,8.0,190.0
Bagumbayan,1,0,3,0,0,10,0,14,,3,1.4179,22147,10974,11173,942,491,451,839,450,389,1781,941,840,3235,1663,1572,15041,7456,7585,2090,914,1176,193,68,125,1781,5016,15619.6,2681.0,757,1890.8,121.1,533.9,34.2,3.42,98.2,34.25,221.8,4078.0,2.81,1.09,37.23,1.17,2.09,5.8,0.14,136.0,68.0,68.0,0.5614823133,0.5614823133,1.19047619,1.062699256,0.0,0.0,0.0,3.963011889,11.91895113,25.70694087,22.22222222,3.091190108,6.361323155,6.013229104,0.0,0.0,0.0,0.0,0.0,0.0,0.0,0.0,0.0,0.0,0.0,0.0,0.0,2.0,0.0,2.0
Bagumbuhay,1,1,0,0,0,1,0,3,,3,0.2353,6333,3047,3286,294,151,143,307,160,147,601,311,290,1111,561,550,3894,1889,2005,727,286,441,78,20,58,601,1712,26914.6,1259.0,367,5350.6,198.8,1559.7,58.0,5.8,92.7,31.66,282.5,3116.0,3.55,1.07,29.95,4.56,3.179,1.87,0.0,74.0,31.0,43.0,1.663893511,1.663893511,3.448275862,3.215434084,0.0,0.0,0.0,0.0,3.25732899,6.802721088,6.25,0.900090009,1.818181818,1.782531194,0.0,0.0,0.0,0.1579030475,0.3043213634,0.3281916639,1.663893511,3.448275862,3.215434084,1.375515818,2.267573696,3.496503497,2.72479564,15.0,1.0,16.0
Bahay Toro,8,2,8,2,0,22,0,42,,1,2.9584,59576,29244,30332,3173,1592,1581,3137,1589,1548,6310,3181,3129,11554,5994,5560,36132,17777,18355,5580,2292,3288,635,192,443,6310,17864,20137.9,9276.0,2161,3135.5,155.7,730.5,36.3,3.63,96.4,30.81,319.5,44342.0,3.29,1.07,15.31,5.15,3.757,7.0,0.15,649.0,284.0,365.0,1.267828843,1.267828843,2.556727389,2.514932411,0.3584229391,0.6082725061,0.872600349,3.70198982,7.013069812,14.2118863,13.84518565,1.904102475,3.956834532,3.670337004,3.149606299,4.514672686,10.41666667,0.03357056533,0.06593696426,0.06839009711,0.3169572108,0.6391818472,0.6287331028,0.3584229391,0.6082725061,0.872600349,0.9254974549,1.0,0.0,1.0
Balingasa,1,1,1,0,0,3,0,6,,1,0.7985,19244,9603,9641,1031,503,528,1020,505,515,2051,1008,1043,3997,2069,1928,11641,5856,5785,1555,670,885,121,34,87,2051,6048,24100.2,2616.0,577,3276.1,135.9,722.6,30.0,3.0,99.6,30.06,322.3,11659.0,3.47,1.12,15.46,3.81,3.662,9.27,1.43,134.0,62.0,72.0,0.4875670405,0.4875670405,0.9587727709,0.9920634921,0.0,0.0,0.0,1.733102253,2.941176471,5.825242718,5.940594059,0.7505629222,1.556016598,1.449975834,0.0,0.0,0.0,0.0519642486,0.1037236801,0.1041341248,0.4875670405,0.9587727709,0.9920634921,0.6430868167,1.129943503,1.492537313,1.733102253,3.0,0.0,3.0
Balong-bato,1,0,0,0,0,1,0,2,,6,0.3718,6991,3398,3593,383,193,190,427,210,217,810,403,407,1510,742,768,4057,1997,2060,614,256,358,69,28,41,810,2320,18803.1,1114.0,285,2996.2,159.3,766.5,40.8,4.08,94.6,29.47,352.4,5252.0,3.56,1.19,32.45,6.91,3.553,11.25,5.37,154.0,54.0,100.0,1.234567901,1.234567901,2.457002457,2.481389578,0.0,0.0,0.0,0.0,2.341920375,4.608294931,4.761904762,0.6622516556,1.302083333,1.347708895,0.0,0.0,0.0,0.0,0.0,0.0,0.0,0.0,0.0,0.0,0.0,0.0,0.0,25.0,0.0,25.0
Batasan Hills,13,5,5,1,1,59,0,84,,2,5.8713,166477,82905,83572,10402,5347,5055,10144,5202,4942,20546,10549,9997,37086,19076,18010,97152,48292,48860,11693,4988,6705,837,216,621,20546,57632,28354.4,20060.0,4731,3416.6,120.5,805.8,28.4,2.84,99.2,29.35,385.0,127640.0,3.66,1.08,18.23,5.35,3.658,3.69,0.16,1492.0,671.0,821.0,0.6327265648,0.6327265648,1.300390117,1.232344298,0.08552125203,0.149142431,0.2004811548,1.056859015,5.816246057,11.93848644,11.34179162,1.590896834,3.275957801,3.092891592,1.19474313,1.610305958,4.62962963,0.0300341789,0.05982865074,0.06030999337,0.2433563711,0.500150045,0.4739785762,0.4276062602,0.7457121551,1.002405774,1.056859015,901.0,57.0,958.0
Bayanihan,1,0,0,0,0,3,0,4,,3,0.0635,613,309,304,13,6,7,18,14,4,31,20,11,113,62,51,402,203,199,67,24,43,8,2,6,31,144,9653.5,172.0,58,2708.7,280.6,913.4,94.6,9.46,101.6,32.46,115.4,234.0,2.96,1.0,32.91,5.06,3.068,4.22,0.0,43.0,21.0,22.0,32.25806452,32.25806452,90.90909091,50.0,0.0,0.0,0.0,0.0,166.6666667,750.0,214.2857143,26.54867257,58.82352941,48.38709677,0.0,0.0,0.0,0.0,0.0,0.0,0.0,0.0,0.0,0.0,0.0,0.0,0.0,0.0,0.0,0.0
Blue Ridge A,0,0,0,0,0,0,0,0,,3,0.2612,1534,720,814,65,49,16,67,31,36,132,80,52,232,107,125,982,458,524,188,75,113,37,12,25,132,364,5872.9,336.0,74,1286.4,219.0,283.3,48.2,4.82,88.5,34.16,252.8,584.0,3.44,1.24,46.47,0.59,1.356,6.86,0.59,,,,0.0,0.0,0.0,0.0,0.0,0.0,0.0,0.0,0.0,0.0,0.0,0.0,0.0,0.0,0.0,0.0,0.0,0.0,0.0,0.0,0.0,0.0,0.0,0.0,0.0,0.0,0.0,5.0,0.0,5.0
Blue Ridge B,0,0,0,0,0,2,0,2,,3,0.1426,1071,470,601,29,15,14,33,17,16,62,32,30,127,84,43,672,269,403,210,85,125,47,10,37,62,189,7510.5,298.0,59,2089.8,278.2,413.7,55.1,5.51,78.2,37.63,151.2,299.0,2.96,1.1,10.89,3.96,3.596,2.31,0.0,2.0,1.0,1.0,0.0,0.0,0.0,0.0,0.0,0.0,0.0,0.0,60.60606061,125.0,117.6470588,15.7480315,46.51162791,23.80952381,0.0,0.0,0.0,0.0,0.0,0.0,0.0,0.0,0.0,0.0,0.0,0.0,0.0,101.0,20.0,121.0
Botocan,1,0,0,0,0,0,0,1,,4,0.0378,6643,3337,3306,450,260,190,396,207,189,846,467,379,1646,846,800,3727,1856,1871,424,168,256,36,8,28,846,2492,175740.7,1041.0,270,27539.7,156.7,7142.9,40.6,4.06,100.9,28.16,419.8,6515.0,4.06,1.27,53.55,5.92,3.253,14.45,0.69,100.0,40.0,60.0,1.182033097,1.182033097,2.638522427,2.141327623,0.0,0.0,0.0,0.0,0.0,0.0,0.0,0.0,0.0,0.0,0.0,0.0,0.0,0.0,0.0,0.0,0.0,0.0,0.0,0.0,0.0,0.0,0.0,0.0,0.0,0.0
Bungad,3,0,3,0,0,9,0,15,,1,0.5066,7014,3435,3579,239,125,114,299,146,153,538,271,267,1281,649,632,4479,2219,2260,716,296,420,80,31,49,538,1819,13845.2,1680.0,369,3316.2,239.5,728.4,52.6,5.26,96.0,32.22,228.4,5392.0,3.66,1.12,16.36,3.53,3.58,12.05,0.34,117.0,53.0,64.0,5.576208178,5.576208178,11.23595506,11.0701107,0.0,0.0,0.0,8.130081301,30.10033445,58.82352941,61.64383562,7.025761124,14.24050633,13.86748844,0.0,0.0,0.0,0.0,0.0,0.0,0.0,0.0,0.0,0.0,0.0,0.0,0.0,0.0,0.0,0.0
Camp Aguinaldo,1,0,0,0,0,7,0,8,,3,1.8035,3269,1629,1640,150,74,76,213,133,80,363,207,156,876,439,437,1947,952,995,83,31,52,3,1,2,363,1239,1812.6,216.0,206,119.8,66.1,114.2,63.0,6.3,99.3,30.44,294.6,1114.0,4.78,1.26,11.59,0.43,1.914,7.44,0.43,11.0,4.0,7.0,2.754820937,2.754820937,6.41025641,4.830917874,0.0,0.0,0.0,0.0,32.86384977,87.5,52.63157895,7.99086758,16.01830664,15.9453303,0.0,0.0,0.0,0.0,0.0,0.0,0.0,0.0,0.0,0.0,0.0,0.0,0.0,0.0,0.0,0.0
Capri,2,1,0,0,0,0,0,3,,5,0.0955,12903,6438,6465,915,463,452,961,450,511,1876,913,963,3344,1705,1639,6969,3535,3434,714,285,429,57,12,45,1876,5220,135109.9,1405.0,360,14712.0,108.9,3769.6,27.9,2.79,99.6,26.61,482.7,11696.0,3.8,1.09,39.88,7.21,3.15,7.01,0.26,165.0,52.0,113.0,1.066098081,1.066098081,2.076843198,2.190580504,0.0,0.0,0.0,0.0,0.0,0.0,0.0,0.0,0.0,0.0,0.0,0.0,0.0,0.07750135627,0.154679041,0.1553277415,0.5330490405,1.038421599,1.095290252,1.400560224,2.331002331,3.50877193,2.777777778,0.0,0.0,0.0
Central,5,1,3,0,0,5,0,14,,4,1.3386,19331,9728,9603,1242,619,623,1035,505,530,2277,1124,1153,3377,1755,1622,12566,6407,6159,1111,442,669,87,19,68,2277,5654,14441.2,2164.0,725,1616.6,111.9,541.6,37.5,3.75,101.3,31.86,342.3,12157.0,3.34,1.12,31.44,18.87,4.177,28.02,1.13,307.0,121.0,186.0,2.195871761,2.195871761,4.336513443,4.448398577,0.0,0.0,0.0,4.137931034,4.830917874,9.433962264,9.900990099,1.480604086,3.082614057,2.849002849,0.0,0.0,0.0,0.05173038125,0.1041341248,0.1027960526,0.4391743522,0.8673026886,0.8896797153,0.900090009,1.494768311,2.262443439,1.379310345,17.0,0.0,17.0
Claro (Quirino 3-B),1,0,0,0,0,0,0,1,,3,0.1013,3885,1851,2034,155,70,85,167,81,86,322,151,171,602,321,281,2466,1185,1281,495,194,301,68,20,48,322,924,38351.4,986.0,518,9733.5,253.8,5113.5,133.3,13.33,91.0,32.97,243.8,2366.0,3.07,1.22,3.11,1.04,3.641,8.91,0.0,30.0,16.0,14.0,3.105590062,3.105590062,5.847953216,6.622516556,0.0,0.0,0.0,0.0,0.0,0.0,0.0,0.0,0.0,0.0,0.0,0.0,0.0,0.0,0.0,0.0,0.0,0.0,0.0,0.0,0.0,0.0,0.0,0.0,0.0,0.0
Commonwealth,20,4,2,0,0,64,0,90,,2,3.4855,213142,107459,105683,14541,7569,6972,14097,7262,6835,28638,14831,13807,50113,25906,24207,121299,61107,60192,13092,5615,7477,841,229,612,28638,78751,61151.1,19348.0,4692,5551.0,90.8,1346.1,22.0,2.2,101.7,28.24,424.2,175664.0,3.76,1.07,22.66,3.89,3.338,4.89,0.23,1892.0,769.0,1123.0,0.6983727914,0.6983727914,1.448540595,1.348526735,0.0,0.0,0.0,0.4262574595,4.539973044,9.363569861,8.812999174,1.277113723,2.643863345,2.470470161,0.0,0.0,0.0,0.0187668315,0.03784903911,0.0372234992,0.1396745583,0.2897081191,0.2697053469,0.3055300947,0.53497392,0.7123775601,0.852514919,91.0,1.0,92.0
Culiat,3,1,0,0,0,13,0,17,,6,2.5135,67747,33833,33914,3979,2095,1884,3948,2052,1896,7927,4147,3780,13846,7210,6636,40723,20229,20494,5251,2247,3004,444,129,315,7927,21773,26953.3,9110.0,2557,3624.4,134.5,1017.3,37.7,3.77,99.8,30.25,354.1,51857.0,3.16,1.04,23.88,5.04,3.33,7.98,0.26,907.0,375.0,532.0,0.3784533872,0.3784533872,0.7936507937,0.7234145165,0.0,0.0,0.0,0.0,3.292806484,6.856540084,6.335282651,0.9388993211,1.959011453,1.803051318,0.0,0.0,0.0,0.01476080122,0.02948634782,0.02955694145,0.1261511291,0.2645502646,0.2411381722,0.1904399162,0.3328894807,0.4450378282,0.3910833007,14.0,1.0,15.0
Damar,0,0,0,0,0,0,0,0,,1,0.2089,952,415,537,23,15,8,22,10,12,45,25,20,131,64,67,629,265,364,147,61,86,28,9,19,45,176,4557.2,446.0,83,2135.0,468.5,397.3,87.2,8.72,77.3,38.24,122.0,9609.0,,,,,,,,2.0,1.0,1.0,0.0,0.0,0.0,0.0,0.0,0.0,0.0,0.0,0.0,0.0,0.0,0.0,0.0,0.0,0.0,0.0,0.0,0.0,0.0,0.0,0.0,0.0,0.0,0.0,0.0,0.0,0.0,50.0,2.0,52.0
Damayan,1,3,0,0,0,5,0,9,,1,0.2079,6007,2979,3028,245,130,115,301,159,142,546,289,257,1329,696,633,3632,1787,1845,500,207,293,44,12,32,546,1875,28893.7,1470.0,320,7070.7,244.7,1539.2,53.3,5.33,98.4,30.71,260.7,4850.0,3.28,1.03,12.05,1.29,3.057,12.21,12.32,161.0,71.0,90.0,1.831501832,1.831501832,3.891050584,3.460207612,0.0,0.0,0.0,0.0,16.61129568,35.21126761,31.44654088,3.762227239,7.898894155,7.183908046,0.0,0.0,0.0,0.4994173464,0.9907529723,1.007049345,5.494505495,11.67315175,10.38062284,6.0,10.23890785,14.49275362,9.375,0.0,0.0,0.0
Damayang Lagi,1,0,0,0,0,0,0,1,,4,0.8085,19364,9697,9667,1275,606,669,1144,597,547,2419,1203,1216,4083,2084,1999,11601,5880,5721,1261,530,731,117,38,79,2419,6502,23950.5,2075.0,550,2566.5,107.2,680.3,28.4,2.84,100.3,29.54,396.3,9609.0,3.34,1.06,36.76,11.56,3.722,11.38,0.28,78.0,28.0,50.0,0.4133939644,0.4133939644,0.8223684211,0.8312551953,0.0,0.0,0.0,0.0,0.0,0.0,0.0,0.0,0.0,0.0,0.0,0.0,0.0,0.0,0.0,0.0,0.0,0.0,0.0,0.0,0.0,0.0,0.0,0.0,0.0,0.0
Del Monte,2,0,2,0,0,1,0,5,,1,0.5379,10236,5093,5143,560,301,259,457,240,217,1017,541,476,2010,1048,962,6259,3100,3159,950,404,546,95,36,59,1017,3027,19029.6,1779.0,401,3307.3,173.8,745.5,39.2,3.92,99.0,30.86,298.7,6141.0,3.41,1.08,19.33,4.11,3.414,14.43,0.17,183.0,100.0,83.0,1.966568338,1.966568338,4.201680672,3.696857671,0.0,0.0,0.0,4.987531172,2.188183807,4.608294931,4.166666667,0.4975124378,1.03950104,0.9541984733,0.0,0.0,0.0,0.0,0.0,0.0,0.0,0.0,0.0,0.0,0.0,0.0,0.0,0.0,0.0,0.0
Dioquino Zobel,1,0,0,0,0,0,0,1,,3,0.0427,1789,875,914,84,44,40,98,45,53,182,89,93,393,206,187,1069,527,542,145,53,92,14,4,10,182,575,41897.0,341.0,95,7985.9,190.6,2224.8,53.1,5.31,95.7,30.3,310.4,774.0,3.76,1.19,21.36,1.46,2.726,3.08,0.0,38.0,18.0,20.0,5.494505495,5.494505495,10.75268817,11.23595506,0.0,0.0,0.0,0.0,0.0,0.0,0.0,0.0,0.0,0.0,0.0,0.0,0.0,0.0,0.0,0.0,0.0,0.0,0.0,0.0,0.0,0.0,0.0,0.0,0.0,0.0
Don Manuel,2,0,0,0,0,10,0,12,,4,0.2379,1728,831,897,77,43,34,98,37,61,175,80,95,345,184,161,1045,507,538,163,60,103,11,4,7,175,520,7263.6,653.0,201,2744.9,377.9,844.9,116.3,11.63,92.6,31.13,286.8,555.0,3.21,1.15,10.4,5.2,3.847,3.66,0.0,21.0,16.0,5.0,11.42857143,11.42857143,21.05263158,25.0,0.0,0.0,0.0,0.0,102.0408163,163.9344262,270.2702703,28.98550725,62.11180124,54.34782609,0.0,0.0,0.0,0.0,0.0,0.0,0.0,0.0,0.0,0.0,0.0,0.0,0.0,0.0,0.0,0.0
Aurora,1,0,0,0,0,5,0,6,,4,0.1348,4221,2054,2167,140,73,67,184,89,95,324,162,162,788,407,381,2646,1301,1345,463,184,279,52,16,36,324,1112,31313.1,966.0,227,7166.2,228.9,1684.0,53.8,5.38,94.8,31.86,214.6,1392.0,3.48,1.31,5.75,2.25,3.995,10.28,0.5,11.0,5.0,6.0,3.086419753,3.086419753,6.172839506,6.172839506,0.0,0.0,0.0,0.0,27.17391304,52.63157895,56.17977528,6.345177665,13.12335958,12.28501229,0.0,0.0,0.0,0.0,0.0,0.0,0.0,0.0,0.0,0.0,0.0,0.0,0.0,,,
Doña Imelda,2,1,1,0,0,8,0,12,,4,0.9161,11701,5858,5843,708,395,313,681,349,332,1389,744,645,2394,1232,1162,7096,3527,3569,822,355,467,73,19,54,1389,3783,12772.6,2015.0,572,2199.5,172.2,624.4,48.9,4.89,100.3,30.5,354.5,8001.0,3.48,1.06,21.51,3.09,3.708,14.1,2.27,100.0,48.0,52.0,1.439884809,1.439884809,3.100775194,2.688172043,0.0,0.0,0.0,1.748251748,11.74743025,24.09638554,22.9226361,3.341687552,6.884681583,6.493506494,0.0,0.0,0.0,0.08546278096,0.1711449598,0.1707067258,0.7199424046,1.550387597,1.344086022,1.216545012,2.141327623,2.816901408,1.748251748,0.0,0.0,0.0
Doña Josefa,1,0,2,0,0,7,0,10,,4,0.2826,1857,885,972,84,46,38,101,56,45,185,102,83,337,151,186,1145,553,592,190,79,111,17,4,13,185,522,6571.1,644.0,140,2278.8,346.8,495.4,75.4,7.54,91.0,31.88,260.3,262.0,2.82,1.25,8.6,0.0,1.938,6.45,1.08,16.0,11.0,5.0,5.405405405,5.405405405,12.04819277,9.803921569,0.0,0.0,0.0,14.28571429,69.30693069,155.5555556,125.0,20.77151335,37.6344086,46.35761589,0.0,0.0,0.0,0.0,0.0,0.0,0.0,0.0,0.0,0.0,0.0,0.0,0.0,0.0,0.0,0.0
Duyan-duyan,1,0,0,0,0,15,0,16,,3,0.1654,3357,1604,1753,150,74,76,121,66,55,271,140,131,549,284,265,2160,1022,1138,377,158,219,41,9,32,271,820,20296.3,728.0,204,4401.5,216.9,1233.4,60.8,6.08,91.5,33.9,222.2,1114.0,3.04,1.17,23.22,1.91,2.757,13.3,0.0,24.0,10.0,14.0,3.6900369,3.6900369,7.633587786,7.142857143,0.0,0.0,0.0,0.0,123.9669421,272.7272727,227.2727273,27.32240437,56.60377358,52.81690141,0.0,0.0,0.0,0.0,0.0,0.0,0.0,0.0,0.0,0.0,0.0,0.0,0.0,13.0,0.0,13.0
E. Rodriguez,3,1,5,0,0,14,0,23,,3,0.6531,17285,8564,8721,779,398,381,935,469,466,1714,867,847,3251,1711,1540,10914,5401,5513,1406,585,821,134,34,100,1714,4965,26466.1,2907.0,889,4451.1,168.2,1361.2,51.4,5.14,98.2,31.89,280.2,12044.0,3.06,1.06,27.49,11.07,3.813,16.67,0.18,109.0,55.0,54.0,1.750291715,1.750291715,3.541912633,3.460207612,0.0,0.0,0.0,5.624296963,14.97326203,30.04291845,29.85074627,4.306367272,9.090909091,8.182349503,0.0,0.0,0.0,0.05785363032,0.1146657493,0.1167678655,0.5834305718,1.180637544,1.153402537,0.7112375533,1.218026797,1.709401709,1.124859393,2.0,0.0,2.0
East Kamias,1,0,0,0,0,0,0,1,,3,0.2716,6389,3095,3294,279,150,129,266,135,131,545,285,260,1097,567,530,3999,1943,2056,748,300,448,78,24,54,545,1642,23523.6,1310.0,410,4823.3,205.0,1509.6,64.2,6.42,94.0,32.18,261.7,2832.0,3.5,1.27,30.94,3.59,3.271,19.56,0.0,38.0,14.0,24.0,1.834862385,1.834862385,3.846153846,3.50877193,0.0,0.0,0.0,0.0,0.0,0.0,0.0,0.0,0.0,0.0,0.0,0.0,0.0,0.0,0.0,0.0,0.0,0.0,0.0,0.0,0.0,0.0,0.0,0.0,0.0,0.0
Escopa 1,0,2,0,0,0,0,0,2,,3,0.013,2110,1062,1048,117,64,53,120,59,61,237,123,114,462,237,225,1186,619,567,225,83,142,16,3,13,237,699,162307.7,388.0,131,29846.2,183.9,10076.9,62.1,6.21,101.3,26.87,395.4,1552.0,3.46,1.06,18.97,1.34,2.906,9.3,0.0,25.0,7.0,18.0,0.0,0.0,0.0,0.0,0.0,0.0,0.0,0.0,0.0,0.0,0.0,0.0,0.0,0.0,0.0,0.0,0.0,0.9478672986,1.908396947,1.883239171,8.438818565,17.54385965,16.2601626,8.888888889,14.08450704,24.09638554,15.26717557,11.0,0.0,11.0
Escopa 2,1,0,0,0,0,0,0,1,,3,0.0211,1683,802,881,112,51,61,123,65,58,235,116,119,354,167,187,946,460,486,148,59,89,15,3,12,235,589,79763.0,280.0,94,13270.1,166.4,4455.0,55.9,5.59,91.0,28.88,458.3,1368.0,3.71,1.08,2.98,1.63,4.234,7.5,0.27,38.0,14.0,24.0,4.255319149,4.255319149,8.403361345,8.620689655,0.0,0.0,0.0,0.0,0.0,0.0,0.0,0.0,0.0,0.0,0.0,0.0,0.0,0.0,0.0,0.0,0.0,0.0,0.0,0.0,0.0,0.0,0.0,0.0,0.0,0.0
Escopa 3,1,0,0,0,0,0,0,1,,3,0.0897,7985,4080,3905,564,294,270,590,319,271,1154,613,541,1898,998,900,4349,2227,2122,584,242,342,41,9,32,1154,3052,89019.0,1174.0,465,13088.1,147.0,5183.9,58.2,5.82,104.5,26.57,497.4,7475.0,3.68,1.09,41.87,4.29,3.133,7.27,0.54,260.0,90.0,170.0,0.8665511265,0.8665511265,1.848428835,1.63132137,0.0,0.0,0.0,0.0,0.0,0.0,0.0,0.0,0.0,0.0,0.0,0.0,0.0,0.0,0.0,0.0,0.0,0.0,0.0,0.0,0.0,0.0,0.0,74.0,13.0,87.0
Escopa 4,2,0,0,0,0,0,0,2,,3,0.016,1837,903,934,121,59,62,126,58,68,247,117,130,419,227,192,996,495,501,175,64,111,16,2,14,247,666,114812.5,309.0,98,19312.5,168.2,6125.0,53.3,5.33,96.7,27.27,455.6,1439.0,3.65,1.04,24.62,1.27,2.536,3.55,0.0,69.0,29.0,40.0,8.097165992,8.097165992,15.38461538,17.09401709,0.0,0.0,0.0,0.0,0.0,0.0,0.0,0.0,0.0,0.0,0.0,0.0,0.0,0.0,0.0,0.0,0.0,0.0,0.0,0.0,0.0,0.0,0.0,0.0,0.0,0.0
Fairview,9,1,7,0,0,97,0,114,,5,3.1006,61498,30189,31309,3583,1845,1738,3331,1703,1628,6914,3548,3366,12814,6546,6268,36863,18048,18815,4907,2047,2860,574,180,394,6914,19728,19834.2,7771.0,1983,2506.3,126.4,639.6,32.2,3.22,96.4,30.59,341.5,42345.0,3.74,1.11,21.19,5.72,3.654,7.49,1.05,880.0,394.0,486.0,1.301706682,1.301706682,2.673796791,2.536640361,0.0,0.0,0.0,3.530005043,29.12038427,59.58230958,56.95830887,7.569845482,15.47543076,14.81820959,0.0,0.0,0.0,0.0162606914,0.03193969785,0.03312464805,0.1446340758,0.2970885324,0.281848929,0.2037905034,0.3496503497,0.4885197851,0.5042864347,219.0,2.0,221.0
Greater Lagro,5,2,1,0,0,21,0,29,,5,3.5151,23456,11273,12183,960,492,468,1016,502,514,1976,994,982,4038,2090,1948,13895,6740,7155,3547,1449,2098,562,190,372,1976,6014,6672.9,4777.0,1154,1359.0,203.7,328.3,49.2,4.92,92.5,30.5,260.1,14210.0,3.4,1.01,4.69,1.94,3.995,3.53,0.26,179.0,99.0,80.0,2.530364372,2.530364372,5.091649695,5.030181087,0.0,0.0,0.0,0.8665511265,20.66929134,40.85603113,41.83266932,5.200594354,10.78028747,10.04784689,0.0,0.0,0.0,0.08526603001,0.1641631782,0.1774150625,1.012145749,2.036659878,2.012072435,0.5638567804,0.9532888465,1.38026225,1.733102253,85.0,3.0,88.0
Gulod,7,1,2,0,0,15,0,25,,5,1.2836,62505,31625,30880,4316,2243,2073,3890,1938,1952,8206,4181,4025,14693,7689,7004,35350,17978,17372,4256,1777,2479,361,90,271,8206,22899,48695.1,8118.0,2103,6324.4,129.9,1638.4,33.6,3.36,102.4,27.79,422.2,52739.0,3.74,1.08,26.27,5.76,3.367,7.43,0.26,809.0,311.0,498.0,0.8530343651,0.8530343651,1.739130435,1.674240612,0.0,0.0,0.0,0.951022349,3.856041131,7.68442623,7.73993808,1.020894303,2.141633352,1.950838861,0.0,0.0,0.0,0.0159987201,0.03238341969,0.03162055336,0.1218620522,0.248447205,0.2391772303,0.234962406,0.4033884631,0.5627462015,0.4755111745,0.0,0.0,0.0
Holy Spirit,8,6,1,1,0,63,0,79,,2,3.3395,111768,55707,56061,7074,3705,3369,6954,3631,3323,14028,7336,6692,25065,12894,12171,64642,32105,32537,8033,3372,4661,711,212,499,14028,39093,33468.5,13765.0,3411,4121.9,123.2,1021.4,30.5,3.05,99.4,29.11,388.3,91713.0,3.78,1.15,23.15,7.33,3.743,6.25,0.56,916.0,431.0,485.0,0.5702879954,0.5702879954,1.195457262,1.090512541,0.1244864932,0.2145462347,0.2965599051,0.2931691586,9.059534081,18.95877219,17.35059212,2.513464991,5.1762386,4.885993485,1.406469761,2.004008016,4.716981132,0.0536826283,0.107026275,0.1077063924,0.4277159966,0.8965929468,0.8178844057,0.7469189593,1.287277408,1.779359431,1.759014952,85.0,2.0,87.0
Horseshoe,1,0,0,0,0,0,0,1,,4,0.3755,2847,1393,1454,165,85,80,117,64,53,282,149,133,489,250,239,1774,858,916,302,136,166,37,16,21,282,771,7581.9,589.0,157,1568.6,206.9,418.1,55.1,5.51,95.8,32.17,294.0,925.0,3.71,1.11,29.72,10.04,3.726,44.84,0.4,10.0,8.0,2.0,3.546099291,3.546099291,7.518796992,6.711409396,0.0,0.0,0.0,0.0,0.0,0.0,0.0,0.0,0.0,0.0,0.0,0.0,0.0,0.0,0.0,0.0,0.0,0.0,0.0,0.0,0.0,0.0,0.0,0.0,0.0,0.0
Immaculate Concepcion,3,0,1,0,0,4,0,8,,4,0.5096,7975,3926,4049,320,167,153,390,207,183,710,374,336,1382,732,650,5162,2549,2613,721,271,450,86,26,60,710,2092,15649.5,1329.0,421,2607.9,166.6,826.1,52.8,5.28,97.0,32.76,236.4,3107.0,2.77,1.09,18.73,5.17,3.498,6.78,0.09,47.0,24.0,23.0,4.225352113,4.225352113,8.928571429,8.021390374,0.0,0.0,0.0,2.375296912,10.25641026,21.8579235,19.3236715,2.894356006,6.153846154,5.464480874,0.0,0.0,0.0,0.0,0.0,0.0,0.0,0.0,0.0,0.0,0.0,0.0,0.0,0.0,0.0,0.0
Kaligayahan,6,1,2,0,0,25,0,34,,5,2.5157,60421,29806,30615,3281,1708,1573,3373,1758,1615,6654,3466,3188,12533,6460,6073,36048,17730,18318,5186,2150,3036,388,110,278,6654,19187,24017.6,8181.0,2132,3252.0,135.4,847.5,35.3,3.53,97.4,30.32,331.4,45498.0,3.6,1.14,21.57,4.35,3.544,2.85,0.28,572.0,305.0,267.0,0.9017132552,0.9017132552,1.882057716,1.731102135,0.0,0.0,0.0,0.9380863039,7.411799585,15.47987616,14.22070535,1.994733902,4.116581591,3.86996904,0.0,0.0,0.0,0.01655053706,0.03266372693,0.03355029189,0.1502855425,0.3136762861,0.2885170225,0.1928268415,0.3293807642,0.4651162791,0.469043152,82.0,2.0,84.0
Kalusugan,0,0,0,0,0,1,0,1,,4,0.4294,4721,2298,2423,333,143,190,334,177,157,667,320,347,1150,578,572,2589,1245,1344,315,155,160,16,2,14,667,1817,10994.4,613.0,242,1427.6,129.8,563.6,51.3,5.13,94.8,28.47,420.1,495.0,2.65,1.0,3.21,3.21,4.5,5.38,0.0,23.0,10.0,13.0,0.0,0.0,0.0,0.0,0.0,0.0,0.0,0.0,2.994011976,6.369426752,5.649717514,0.8695652174,1.748251748,1.730103806,0.0,0.0,0.0,0.0,0.0,0.0,0.0,0.0,0.0,0.0,0.0,0.0,0.0,0.0,0.0,0.0
Kamuning,1,3,1,0,0,9,0,14,,4,0.4845,12139,5815,6324,560,294,266,549,277,272,1109,571,538,2130,1087,1043,7577,3640,3937,1323,517,806,142,33,109,1109,3239,25054.7,2763.0,710,5702.8,227.6,1465.4,58.5,5.85,92.0,32.43,260.3,5708.0,3.11,1.09,26.4,10.29,3.785,8.69,0.05,96.0,50.0,46.0,0.9017132552,0.9017132552,1.858736059,1.751313485,0.0,0.0,0.0,1.408450704,16.39344262,33.08823529,32.49097473,4.225352113,8.628954938,8.279668813,0.0,0.0,0.0,0.247137326,0.4743833017,0.5159071367,2.705139766,5.576208178,5.253940455,2.267573696,3.722084367,5.80270793,4.225352113,2.0,0.0,2.0
Katipunan,3,0,3,0,0,14,0,20,,1,0.1301,10508,5090,5418,482,255,227,456,217,239,938,472,466,1655,867,788,7116,3458,3658,799,293,506,65,17,48,938,2593,80768.6,796.0,293,6118.4,75.8,2252.1,27.9,2.79,93.9,34.81,251.0,3221.0,3.1,1.04,17.98,3.75,3.205,3.53,0.0,82.0,41.0,41.0,3.198294243,3.198294243,6.43776824,6.355932203,0.0,0.0,0.0,10.23890785,30.70175439,58.57740586,64.51612903,8.459214502,17.76649746,16.14763552,0.0,0.0,0.0,0.0,0.0,0.0,0.0,0.0,0.0,0.0,0.0,0.0,0.0,1.0,0.0,1.0
Kaunlaran,1,1,2,0,0,7,0,11,,4,0.5512,12101,5859,6242,516,244,272,518,286,232,1034,530,504,1925,973,952,7897,3843,4054,1245,513,732,134,29,105,1034,2959,21953.9,2572.0,748,4666.2,212.5,1357.0,61.8,6.18,93.9,33.5,246.8,2280.0,2.93,1.11,14.38,2.05,2.972,6.09,0.13,77.0,42.0,35.0,0.9671179884,0.9671179884,1.984126984,1.886792453,0.0,0.0,0.0,2.673796791,13.51351351,30.17241379,24.47552448,3.636363636,7.352941176,7.194244604,0.0,0.0,0.0,0.08263779853,0.1602050625,0.17067759,0.9671179884,1.984126984,1.886792453,0.8032128514,1.366120219,1.949317739,1.336898396,0.0,0.0,0.0
Kristong Hari,2,0,1,0,0,0,0,3,,4,0.3392,5979,2803,3176,218,120,98,243,100,143,461,220,241,936,485,451,4058,1924,2134,524,174,350,45,10,35,461,1397,17626.8,736.0,214,2169.8,123.1,630.9,35.8,3.58,88.3,35.69,210.1,1874.0,3.41,1.13,54.36,2.36,2.702,13.78,0.55,33.0,14.0,19.0,4.338394794,4.338394794,8.298755187,9.090909091,0.0,0.0,0.0,4.672897196,0.0,0.0,0.0,0.0,0.0,0.0,0.0,0.0,0.0,0.0,0.0,0.0,0.0,0.0,0.0,0.0,0.0,0.0,0.0,0.0,0.0,0.0
Krus na Ligas,3,2,0,0,0,3,0,8,,4,0.3549,21287,10539,10748,1144,549,595,1089,565,524,2233,1114,1119,4483,2300,2183,12895,6454,6441,1676,671,1005,133,34,99,2233,6716,59980.3,2954.0,897,8323.5,138.8,2527.5,42.1,4.21,98.1,30.26,309.5,15253.0,3.88,1.16,16.73,8.9,4.102,7.1,1.07,335.0,148.0,187.0,1.343484102,1.343484102,2.680965147,2.692998205,0.0,0.0,0.0,0.0,2.754820937,5.72519084,5.309734513,0.6691947357,1.374255612,1.304347826,0.0,0.0,0.0,0.09395405647,0.1860811314,0.1897713256,0.8956560681,1.787310098,1.795332136,1.193317422,1.990049751,2.980625931,2.229654404,0.0,0.0,0.0
Laging Handa,1,0,2,0,0,5,0,8,,4,0.6222,4804,2114,2690,126,64,62,114,50,64,240,114,126,578,280,298,3246,1423,1823,740,297,443,93,29,64,240,818,7721.0,1370.0,371,2201.9,285.2,596.3,77.2,7.72,78.6,37.95,135.8,1858.0,2.21,1.08,4.89,2.38,3.911,3.49,0.73,19.0,8.0,11.0,4.166666667,4.166666667,7.936507937,8.771929825,0.0,0.0,0.0,5.39083558,43.85964912,78.125,100.0,8.650519031,16.77852349,17.85714286,0.0,0.0,0.0,0.0,0.0,0.0,0.0,0.0,0.0,0.0,0.0,0.0,0.0,8.0,0.0,8.0
Libis,1,1,0,0,0,1,0,3,,3,0.1043,4208,2122,2086,274,139,135,229,136,93,503,275,228,792,403,389,2570,1327,1243,343,117,226,46,11,35,503,1295,40345.2,584.0,171,5599.2,138.8,1639.5,40.6,4.06,101.7,29.54,404.1,3068.0,3.42,1.01,39.73,1.56,3.066,10.6,0.33,109.0,53.0,56.0,1.988071571,1.988071571,4.385964912,3.636363636,0.0,0.0,0.0,0.0,4.366812227,10.75268817,7.352941176,1.262626263,2.570694087,2.481389578,0.0,0.0,0.0,0.2376425856,0.4793863854,0.4712535344,1.988071571,4.385964912,3.636363636,2.915451895,4.424778761,8.547008547,5.847953216,1.0,0.0,1.0
Lourdes,0,0,1,0,0,15,0,16,,1,0.7476,4410,2091,2319,100,46,54,143,81,62,243,127,116,563,286,277,2889,1382,1507,715,296,419,122,39,83,243,806,5898.9,915.0,218,1223.9,207.5,291.6,49.4,4.94,90.2,34.17,154.9,18.0,3.0,1.67,16.67,0.0,3.4,11.11,0.0,5.0,2.0,3.0,0.0,0.0,0.0,0.0,0.0,0.0,0.0,4.587155963,104.8951049,241.9354839,185.1851852,26.64298401,54.15162455,52.44755245,0.0,0.0,0.0,0.0,0.0,0.0,0.0,0.0,0.0,0.0,0.0,0.0,0.0,0.0,0.0,0.0
Loyola Heights,3,0,0,0,0,10,0,13,,3,2.4018,20907,10025,10882,989,496,493,891,461,430,1880,957,923,4004,2110,1894,12956,6092,6864,2067,866,1201,250,93,157,1880,5884,8704.7,2958.0,1111,1231.6,141.5,462.6,53.1,5.31,92.1,32.83,268.6,8875.0,3.71,1.16,13.35,2.43,3.142,12.5,0.25,112.0,56.0,56.0,1.595744681,1.595744681,3.250270856,3.134796238,0.0,0.0,0.0,0.0,11.22334456,23.25581395,21.69197397,2.497502498,5.279831045,4.739336493,0.0,0.0,0.0,0.0,0.0,0.0,0.0,0.0,0.0,0.0,0.0,0.0,0.0,6.0,0.0,6.0
Maharlika,0,0,3,0,0,4,0,7,,1,0.3887,4332,2055,2277,144,58,86,164,89,75,308,147,161,623,313,310,2780,1350,1430,621,245,376,86,24,62,308,931,11144.8,768.0,199,1975.8,177.3,512.0,45.9,4.59,90.3,33.01,201.0,3733.0,2.89,1.02,7.35,3.02,3.804,2.99,0.0,11.0,6.0,5.0,0.0,0.0,0.0,0.0,0.0,0.0,0.0,15.07537688,24.3902439,53.33333333,44.94382022,6.420545746,12.90322581,12.77955272,0.0,0.0,0.0,0.0,0.0,0.0,0.0,0.0,0.0,0.0,0.0,0.0,0.0,8.0,0.0,8.0
Malaya,1,0,1,0,0,6,0,8,,4,0.1315,2588,1304,1284,93,42,51,106,51,55,199,93,106,465,266,199,1665,836,829,259,109,150,21,7,14,199,664,19680.6,638.0,187,4851.7,246.5,1422.1,72.3,7.23,101.6,32.03,225.0,2323.0,3.18,1.15,48.22,10.96,3.309,14.39,0.28,23.0,12.0,11.0,5.025125628,5.025125628,9.433962264,10.75268817,0.0,0.0,0.0,5.347593583,56.60377358,109.0909091,117.6470588,12.90322581,30.15075377,22.55639098,0.0,0.0,0.0,0.0,0.0,0.0,0.0,0.0,0.0,0.0,0.0,0.0,0.0,0.0,0.0,0.0
Mangga,1,0,0,0,0,1,0,2,,3,0.0811,913,439,474,41,20,21,39,16,23,80,36,44,190,86,104,557,273,284,86,44,42,4,1,3,80,270,11257.7,150.0,21,1849.6,164.3,258.9,23.0,2.3,92.6,31.11,264.4,744.0,3.21,1.03,3.02,3.88,4.633,46.55,0.0,7.0,1.0,6.0,12.5,12.5,22.72727273,27.77777778,0.0,0.0,0.0,0.0,25.64102564,43.47826087,62.5,5.263157895,9.615384615,11.62790698,0.0,0.0,0.0,0.0,0.0,0.0,0.0,0.0,0.0,0.0,0.0,0.0,0.0,0.0,0.0,0.0
Manresa,2,0,1,0,0,7,0,10,,1,0.8319,17159,8758,8401,1192,640,552,1103,562,541,2295,1202,1093,3790,1964,1826,9933,5097,4836,1141,495,646,109,27,82,2295,6085,20626.3,1988.0,449,2389.7,115.9,539.7,26.2,2.62,104.2,28.18,424.8,12962.0,3.14,1.04,28.86,3.51,3.064,21.44,4.0,146.0,55.0,91.0,0.871459695,0.871459695,1.829826167,1.663893511,0.0,0.0,0.0,2.227171492,6.346328196,12.93900185,12.45551601,1.846965699,3.833515882,3.564154786,0.0,0.0,0.0,0.0,0.0,0.0,0.0,0.0,0.0,0.0,0.0,0.0,0.0,0.0,0.0,0.0
Mariana,2,0,3,0,0,15,0,20,,4,1.6531,11471,5071,6400,396,200,196,412,212,200,808,412,396,1639,827,812,7427,3186,4241,1597,646,951,249,80,169,808,2447,6939.1,2334.0,561,1411.9,203.5,339.4,48.9,4.89,79.2,36.97,186.3,682.0,2.94,1.09,20.69,3.02,3.11,6.9,0.0,19.0,11.0,8.0,2.475247525,2.475247525,5.050505051,4.854368932,0.0,0.0,0.0,5.347593583,36.40776699,75.0,70.75471698,9.151921904,18.4729064,18.13784764,0.0,0.0,0.0,0.0,0.0,0.0,0.0,0.0,0.0,0.0,0.0,0.0,0.0,57.0,11.0,68.0
Mariblo,1,0,0,0,0,0,0,1,,1,0.1335,3433,1679,1754,150,76,74,185,85,100,335,161,174,646,336,310,2109,1043,1066,343,139,204,44,13,31,335,981,25715.4,638.0,162,4779.0,185.8,1213.5,47.2,4.72,95.7,31.05,281.5,2047.0,3.28,1.08,58.72,3.52,2.821,8.43,0.64,9.0,7.0,2.0,2.985074627,2.985074627,5.747126437,6.211180124,0.0,0.0,0.0,0.0,0.0,0.0,0.0,0.0,0.0,0.0,0.0,0.0,0.0,0.0,0.0,0.0,0.0,0.0,0.0,0.0,0.0,0.0,0.0,0.0,0.0,0.0
Marilag,2,0,0,0,1,5,0,8,,3,0.4627,12534,5862,6672,501,252,249,418,250,168,919,502,417,1699,828,871,8334,3935,4399,1582,597,985,146,32,114,919,2618,27088.8,2261.0,758,4886.5,180.4,1638.2,60.5,6.05,87.9,35.1,214.0,3449.0,3.07,1.16,28.71,1.87,2.537,2.22,0.09,54.0,19.0,35.0,2.176278564,2.176278564,4.79616307,3.984063745,0.0,0.0,0.0,0.0,11.96172249,29.76190476,20.0,2.942907593,5.740528129,6.038647343,0.0,0.0,0.0,0.0,0.0,0.0,0.0,0.0,0.0,0.0,0.0,0.0,0.0,45.0,4.0,49.0
Masagana,1,0,0,0,0,0,0,1,,3,0.164,4166,1903,2263,149,56,93,153,73,80,302,129,173,637,324,313,2646,1231,1415,581,219,362,68,17,51,302,939,25402.4,1033.0,243,6298.8,248.0,1481.7,58.3,5.83,84.1,33.97,201.6,1288.0,3.02,1.13,40.38,8.45,3.525,4.93,0.23,37.0,21.0,16.0,3.311258278,3.311258278,5.780346821,7.751937984,0.0,0.0,0.0,0.0,0.0,0.0,0.0,0.0,0.0,0.0,0.0,0.0,0.0,0.0,0.0,0.0,0.0,0.0,0.0,0.0,0.0,0.0,0.0,0.0,0.0,0.0
Masambong,2,1,0,0,0,9,0,12,,1,0.343,8779,4314,4465,391,194,197,488,255,233,879,449,430,1738,893,845,5221,2567,2654,941,405,536,88,27,61,879,2617,25594.8,1746.0,360,5090.4,198.9,1049.6,41.0,4.1,96.6,30.23,305.0,6440.0,3.47,1.13,53.02,5.72,3.244,12.5,1.19,163.0,82.0,81.0,2.275312856,2.275312856,4.651162791,4.454342984,0.0,0.0,0.0,0.0,18.44262295,38.62660944,35.29411765,5.178365938,10.65088757,10.07838746,0.0,0.0,0.0,0.11390819,0.2239641657,0.2318034307,1.137656428,2.325581395,2.227171492,1.062699256,1.865671642,2.469135802,2.777777778,60.0,2.0,62.0
Matandang Balara,15,2,1,0,0,23,0,41,,3,3.3232,69397,34359,35038,4034,2113,1921,4046,2010,2036,8080,4123,3957,14556,7478,7078,41190,20343,20847,5571,2415,3156,383,110,273,8080,22636,20882.6,9516.0,2429,2863.5,137.1,730.9,35.0,3.5,98.1,30.04,355.9,42131.0,3.51,1.06,16.57,3.08,3.385,8.35,0.75,445.0,192.0,253.0,1.856435644,1.856435644,3.790750569,3.638127577,0.0,0.0,0.0,0.4116920543,5.684626792,11.29666012,11.44278607,1.580104424,3.24950551,3.075688687,0.0,0.0,0.0,0.02881968961,0.05708088361,0.05820891178,0.2475247525,0.5054334091,0.4850836769,0.3590019745,0.6337135615,0.8281573499,0.8233841087,161.0,4.0,165.0
Milagrosa,1,0,1,0,0,8,0,10,,3,0.2695,6775,3186,3589,307,149,158,300,144,156,607,293,314,1057,547,510,4264,1993,2271,847,353,494,112,23,89,607,1664,25139.1,1352.0,353,5016.7,199.6,1309.8,52.1,5.21,88.8,33.52,266.1,2371.0,3.23,1.11,13.22,1.91,3.284,5.18,0.0,87.0,42.0,45.0,1.647446458,1.647446458,3.184713376,3.412969283,0.0,0.0,0.0,2.83286119,26.66666667,51.28205128,55.55555556,7.56859035,15.68627451,14.62522852,0.0,0.0,0.0,0.0,0.0,0.0,0.0,0.0,0.0,0.0,0.0,0.0,0.0,19.0,2.0,21.0
N. S. Amoranto (Gintong Silahis),1,0,0,0,0,0,0,1,,1,0.2448,5850,2763,3087,183,98,85,253,113,140,436,211,225,1020,503,517,3665,1754,1911,729,295,434,100,32,68,436,1456,23897.1,1160.0,325,4738.6,198.3,1327.6,55.6,5.56,89.5,32.67,216.6,2756.0,3.28,1.14,9.29,4.52,3.99,13.71,0.12,50.0,20.0,30.0,2.293577982,2.293577982,4.444444444,4.739336493,0.0,0.0,0.0,0.0,0.0,0.0,0.0,0.0,0.0,0.0,0.0,0.0,0.0,0.0,0.0,0.0,0.0,0.0,0.0,0.0,0.0,0.0,0.0,1.0,1.0,2.0
Nagkaisang Nayon,11,2,0,0,0,8,0,21,,5,2.8579,53781,26906,26875,3447,1784,1663,3123,1642,1481,6570,3426,3144,11411,5820,5591,31994,16033,15961,3806,1627,2179,320,104,216,6570,17981,18818.4,6241.0,1582,2183.8,116.0,553.6,29.4,2.94,100.1,29.68,381.1,44958.0,3.47,1.13,11.14,1.31,3.184,2.55,0.41,624.0,298.0,326.0,1.674277017,1.674277017,3.498727735,3.210741389,0.0,0.0,0.0,0.0,2.561639449,5.401755571,4.872107186,0.7010779073,1.430871043,1.374570447,0.0,0.0,0.0,0.03718785445,0.07441860465,0.07433286256,0.304414003,0.6361323155,0.5837711617,0.5254860746,0.9178522258,1.2292563,1.264222503,0.0,0.0,0.0
Nayong Kanluran,1,0,1,0,0,4,0,6,,1,0.1417,2456,1163,1293,115,61,54,103,45,58,218,106,112,446,215,231,1500,715,785,292,127,165,40,10,30,218,664,17332.4,474.0,117,3345.1,193.0,825.7,47.6,4.76,89.9,31.96,280.7,1359.0,2.99,1.1,8.37,0.44,2.591,10.67,0.22,21.0,8.0,13.0,4.587155963,4.587155963,8.928571429,9.433962264,0.0,0.0,0.0,8.547008547,38.83495146,68.96551724,88.88888889,8.968609865,17.31601732,18.60465116,0.0,0.0,0.0,0.0,0.0,0.0,0.0,0.0,0.0,0.0,0.0,0.0,0.0,0.0,0.0,0.0
New Era,0,0,0,0,0,3,0,3,,6,0.6246,13090,6585,6505,989,531,458,870,466,404,1859,997,862,2994,1512,1482,7563,3798,3765,674,278,396,46,12,34,1859,4853,20957.4,965.0,343,1545.0,73.7,549.2,26.2,2.62,101.2,28.76,439.2,10760.0,3.69,1.09,38.24,13.49,4.039,5.79,0.03,6.0,4.0,2.0,0.0,0.0,0.0,0.0,0.0,0.0,0.0,0.0,3.448275862,7.425742574,6.43776824,1.002004008,2.024291498,1.984126984,0.0,0.0,0.0,0.0,0.0,0.0,0.0,0.0,0.0,0.0,0.0,0.0,0.0,0.0,0.0,0.0
North Fairview,6,1,0,2,0,6,0,15,,5,2.0006,44352,22078,22274,2616,1347,1269,2570,1353,1217,5186,2700,2486,10054,5261,4793,25898,12789,13109,3214,1328,1886,291,94,197,5186,15240,22169.3,4795.0,1328,2396.8,108.1,663.8,29.9,2.99,99.1,29.56,360.1,31104.0,3.75,1.11,12.84,2.74,3.358,4.05,0.7,793.0,285.0,508.0,1.156961049,1.156961049,2.413515688,2.222222222,0.6222775358,1.060445387,1.506024096,0.0,2.33463035,4.930156122,4.4345898,0.596777402,1.251825579,1.140467592,6.872852234,10.15228426,21.27659574,0.02254689755,0.04489539373,0.04529395779,0.1928268415,0.4022526146,0.3703703704,0.3111387679,0.5302226935,0.7530120482,0.7530120482,89.0,3.0,92.0
Novaliches Proper,3,3,1,0,0,59,0,66,,5,0.6573,15435,7723,7712,934,495,439,910,479,431,1844,974,870,3568,1805,1763,9037,4522,4515,986,422,564,89,22,67,1844,5412,23482.4,2150.0,568,3271.0,139.3,864.1,36.8,3.68,100.1,29.25,366.5,12330.0,3.76,1.14,23.28,10.62,3.888,5.83,0.37,821.0,463.0,358.0,1.626898048,1.626898048,3.448275862,3.080082136,0.0,0.0,0.0,1.76056338,64.83516484,136.8909513,123.1732777,16.53587444,33.46568349,32.68698061,0.0,0.0,0.0,0.1943634597,0.3890041494,0.3884500842,1.626898048,3.448275862,3.080082136,3.042596349,5.319148936,7.109004739,5.281690141,3.0,0.0,3.0
Obrero,1,0,1,0,0,2,0,4,,4,0.249,9500,4806,4694,525,238,287,514,242,272,1039,480,559,1911,1053,858,5746,2924,2822,804,349,455,71,26,45,1039,2950,38152.6,1372.0,430,5510.0,144.4,1726.9,45.3,4.53,102.4,29.71,345.6,6446.0,3.45,1.11,15.85,6.75,3.978,21.34,0.75,47.0,24.0,23.0,0.9624639076,0.9624639076,1.788908766,2.083333333,0.0,0.0,0.0,2.325581395,3.891050584,7.352941176,8.26446281,1.046572475,2.331002331,1.899335233,0.0,0.0,0.0,0.0,0.0,0.0,0.0,0.0,0.0,0.0,0.0,0.0,0.0,0.0,0.0,0.0
Old Capitol Site,2,0,0,0,0,0,0,2,,4,0.1817,1319,632,687,85,46,39,63,28,35,148,74,74,223,117,106,864,401,463,84,40,44,6,1,5,148,371,7259.2,698.0,248,3841.5,529.2,1364.9,188.0,18.8,92.0,35.1,302.2,1047.0,3.84,1.22,3.3,1.83,4.149,17.22,0.73,108.0,30.0,78.0,13.51351351,13.51351351,27.02702703,27.02702703,0.0,0.0,0.0,0.0,0.0,0.0,0.0,0.0,0.0,0.0,0.0,0.0,0.0,0.0,0.0,0.0,0.0,0.0,0.0,0.0,0.0,0.0,0.0,0.0,0.0,0.0
Paang Bundok,1,1,1,0,0,2,0,5,,1,0.1651,4806,2321,2485,175,91,84,234,112,122,409,203,206,959,497,462,2844,1383,1461,594,238,356,68,20,48,409,1368,29109.6,1225.0,222,7419.7,254.9,1344.6,46.2,4.62,93.4,30.4,251.3,2840.0,3.23,1.1,15.36,1.25,2.981,9.46,0.34,62.0,36.0,26.0,2.444987775,2.444987775,4.854368932,4.926108374,0.0,0.0,0.0,4.504504505,8.547008547,16.39344262,17.85714286,2.085505735,4.329004329,4.024144869,0.0,0.0,0.0,0.2080732418,0.4024144869,0.4308487721,2.444987775,4.854368932,4.926108374,1.683501684,2.808988764,4.201680672,4.504504505,32.0,1.0,33.0
Pag-ibig sa Nayon,1,0,0,0,0,1,0,2,,1,0.3717,5915,2848,3067,312,168,144,356,170,186,668,338,330,1187,561,626,3557,1742,1815,503,207,296,40,7,33,668,1855,15913.4,741.0,163,1993.5,125.3,438.5,27.6,2.76,92.9,30.68,340.6,4396.0,2.83,1.03,17.67,4.11,3.654,8.78,0.0,8.0,5.0,3.0,1.497005988,1.497005988,3.03030303,2.958579882,0.0,0.0,0.0,0.0,2.808988764,5.376344086,5.882352941,0.8424599832,1.597444089,1.782531194,0.0,0.0,0.0,0.0,0.0,0.0,0.0,0.0,0.0,0.0,0.0,0.0,0.0,0.0,0.0,0.0
Paligsahan,2,0,3,0,1,12,0,18,,4,0.5788,3518,1735,1783,143,78,65,105,57,48,248,135,113,549,288,261,2288,1141,1147,433,171,262,38,11,27,248,797,6078.1,1075.0,275,1857.3,305.6,475.1,78.2,7.82,97.3,32.6,213.7,3314.0,2.35,1.08,1.49,0.64,3.783,7.22,0.43,48.0,28.0,20.0,8.064516129,8.064516129,17.69911504,14.81481481,0.0,0.0,0.0,10.90909091,114.2857143,250.0,210.5263158,21.8579235,45.97701149,41.66666667,0.0,0.0,0.0,0.0,0.0,0.0,0.0,0.0,0.0,0.0,0.0,0.0,0.0,10.0,3.0,13.0
Paltok,2,2,1,0,0,8,0,13,,1,0.6582,18117,8816,9301,980,483,497,958,464,494,1938,947,991,3482,1771,1711,10935,5399,5536,1762,699,1063,193,54,139,1938,5420,27525.1,2724.0,616,4138.6,150.4,935.9,34.0,3.4,94.8,30.56,330.2,9674.0,3.75,1.07,38.03,6.79,3.506,14.58,0.27,159.0,58.0,101.0,1.031991744,1.031991744,2.018163471,2.111932418,0.0,0.0,0.0,1.623376623,8.350730689,16.19433198,17.24137931,2.297530155,4.675628288,4.517221909,0.0,0.0,0.0,0.110393553,0.2150306419,0.2268602541,1.031991744,2.018163471,2.111932418,1.13507378,1.881467545,2.861230329,3.246753247,0.0,0.0,0.0
Pansol,3,2,0,0,0,0,0,5,,3,3.3121,35234,17787,17447,2303,1169,1134,2265,1121,1144,4568,2290,2278,8001,4246,3755,20289,10233,10056,2376,1018,1358,188,59,129,4568,12569,10638.0,3744.0,1220,1130.4,106.3,368.3,34.6,3.46,101.9,28.54,412.4,26987.0,3.78,1.16,25.51,5.14,3.291,10.04,1.13,383.0,158.0,225.0,0.6567425569,0.6567425569,1.316944688,1.310043668,0.0,0.0,0.0,0.0,0.0,0.0,0.0,0.0,0.0,0.0,0.0,0.0,0.0,0.05676335358,0.1146328882,0.1124416709,0.4378283713,0.8779631255,0.8733624454,0.8417508418,1.47275405,1.964636542,1.639344262,68.0,2.0,70.0
Paraiso,0,0,1,0,0,0,0,1,,1,0.1537,3537,1745,1792,153,80,73,149,66,83,302,146,156,619,349,270,2274,1104,1170,342,146,196,40,7,33,302,921,23012.4,699.0,149,4547.8,197.6,969.4,42.1,4.21,97.4,33.08,256.5,1296.0,3.51,1.08,18.7,1.36,3.31,11.56,0.0,37.0,17.0,20.0,0.0,0.0,0.0,0.0,0.0,0.0,0.0,6.711409396,0.0,0.0,0.0,0.0,0.0,0.0,0.0,0.0,0.0,0.0,0.0,0.0,0.0,0.0,0.0,0.0,0.0,0.0,0.0,0.0,0.0,0.0
Pasong Putik Proper,2,2,1,0,0,13,0,18,,5,2.3966,39830,19971,19859,2682,1412,1270,2460,1279,1181,5142,2691,2451,9073,4600,4473,22788,11443,11345,2827,1237,1590,265,82,183,5142,14215,16619.4,4902.0,1305,2045.4,123.1,544.5,32.8,3.28,100.6,28.48,409.6,29880.0,3.72,1.16,19.82,8.44,3.96,4.67,0.71,417.0,196.0,221.0,0.3889537145,0.3889537145,0.8159934721,0.7432181345,0.0,0.0,0.0,0.7662835249,5.284552846,11.00762066,10.16419077,1.432822661,2.90632685,2.826086957,0.0,0.0,0.0,0.05021340698,0.1007100055,0.1001452106,0.3889537145,0.8159934721,0.7432181345,0.7074637425,1.257861635,1.616814875,1.53256705,4.0,0.0,4.0
Pasong Tamo,10,1,2,0,0,54,0,67,,6,4.9821,110572,55488,55084,7076,3669,3407,7080,3713,3367,14156,7382,6774,24008,12440,11568,64500,32286,32214,7908,3380,4528,585,169,416,14156,38164,22193.9,13515.0,3460,2712.7,122.2,694.5,31.3,3.13,100.7,29.13,398.0,82651.0,3.49,1.08,22.01,2.79,3.095,6.02,0.24,1409.0,572.0,837.0,0.7064142413,0.7064142413,1.476232654,1.354646437,0.0,0.0,0.0,0.5780346821,7.627118644,16.03801604,14.54349583,2.24925025,4.668049793,4.340836013,0.0,0.0,0.0,0.00904388091,0.01815409193,0.01802191465,0.07064142413,0.1476232654,0.1354646437,0.1264542236,0.2208480565,0.2958579882,0.289017341,395.0,6.0,401.0
Payatas,17,5,0,0,0,50,0,72,,2,3.2387,139640,70921,68719,10825,5583,5242,10036,5232,4804,20861,10815,10046,35578,18435,17143,75784,38426,37358,7417,3245,4172,445,119,326,20861,56439,43116.1,15124.0,3507,4669.8,108.3,1082.8,25.1,2.51,103.2,26.75,490.9,130561.0,3.9,1.07,28.7,5.8,3.389,4.72,0.33,1578.0,556.0,1022.0,0.8149177892,0.8149177892,1.692215807,1.571890892,0.0,0.0,0.0,0.0,4.982064568,10.40799334,9.556574924,1.405362865,2.916642361,2.712232167,0.0,0.0,0.0,0.03580635921,0.07276008091,0.07050097996,0.2396817027,0.4977105316,0.4623208507,0.6741270055,1.198465964,1.540832049,1.425719989,191.0,5.0,196.0
Phil-Am,0,0,1,1,0,1,0,3,,1,0.4445,2515,1137,1378,37,18,19,67,28,39,104,46,58,260,144,116,1701,764,937,450,183,267,88,30,58,104,364,5658.0,783.0,167,1761.5,311.3,375.7,66.4,6.64,82.5,37.26,110.2,1590.0,2.94,1.08,1.67,0.56,3.733,0.99,0.0,5.0,1.0,4.0,0.0,0.0,0.0,0.0,2.222222222,3.745318352,5.464480874,5.988023952,14.92537313,25.64102564,35.71428571,3.846153846,8.620689655,6.944444444,11.36363636,17.24137931,33.33333333,0.0,0.0,0.0,0.0,0.0,0.0,0.0,0.0,0.0,0.0,45.0,1.0,46.0
Pinagkaisahan,1,1,0,0,0,2,0,4,,4,0.3361,4357,2130,2227,169,83,86,170,101,69,339,184,155,690,352,338,2917,1436,1481,411,158,253,48,14,34,339,1029,12963.4,1213.0,311,3609.0,278.4,925.3,71.4,7.14,95.6,33.99,226.1,2562.0,2.9,1.02,26.87,2.95,2.62,10.05,0.0,27.0,11.0,16.0,2.949852507,2.949852507,6.451612903,5.434782609,0.0,0.0,0.0,0.0,11.76470588,28.98550725,19.8019802,2.898550725,5.917159763,5.681818182,0.0,0.0,0.0,0.2295157218,0.4490345757,0.4694835681,2.949852507,6.451612903,5.434782609,2.433090024,3.95256917,6.329113924,3.215434084,3.0,0.0,3.0
Pinyahan,2,1,3,0,0,11,0,17,,4,1.5696,21724,10708,11016,1294,667,627,1237,629,608,2531,1296,1235,4196,2141,2055,13323,6568,6755,1674,703,971,151,45,106,2531,6727,13840.5,3739.0,1248,2382.1,172.1,795.1,57.4,5.74,97.2,31.09,351.6,15396.0,3.37,1.11,16.79,4.42,3.558,17.33,0.18,177.0,76.0,101.0,0.7902015014,0.7902015014,1.619433198,1.543209877,0.0,0.0,0.0,2.403846154,8.892481811,18.09210526,17.48807631,2.621544328,5.352798054,5.137786081,0.0,0.0,0.0,0.0460320383,0.09077705156,0.09338812103,0.3951007507,0.8097165992,0.7716049383,0.5973715651,1.029866117,1.422475107,0.8012820513,0.0,0.0,0.0
Project 6,1,1,1,0,0,11,0,14,,1,1.5292,11832,5659,6173,574,275,299,524,275,249,1098,550,548,2170,1100,1070,7263,3490,3773,1301,519,782,160,47,113,1098,3268,7737.4,2598.0,615,1698.9,219.6,402.2,52.0,5.2,91.7,31.89,283.6,9312.0,2.86,1.04,23.23,15.25,4.267,10.71,0.21,157.0,69.0,88.0,0.9107468124,0.9107468124,1.824817518,1.818181818,0.0,0.0,0.0,1.62601626,20.99236641,44.17670683,40.0,5.069124424,10.28037383,10.0,0.0,0.0,0.0,0.08451656525,0.1619957881,0.176709666,0.9107468124,1.824817518,1.818181818,0.7686395081,1.278772379,1.926782274,1.62601626,0.0,0.0,0.0
Quirino 2-A,1,0,0,0,0,1,0,2,,3,0.1745,4622,2225,2397,195,101,94,199,94,105,394,195,199,821,432,389,2781,1352,1429,626,246,380,82,18,64,394,1215,26487.1,1003.0,237,5747.9,217.0,1358.2,51.3,5.13,92.8,30.92,261.1,3041.0,3.02,1.06,10.63,1.29,2.981,6.52,0.5,21.0,11.0,10.0,2.538071066,2.538071066,5.025125628,5.128205128,0.0,0.0,0.0,0.0,5.025125628,9.523809524,10.63829787,1.218026797,2.570694087,2.314814815,0.0,0.0,0.0,0.0,0.0,0.0,0.0,0.0,0.0,0.0,0.0,0.0,0.0,82.0,3.0,85.0
Quirino 2-B,1,1,1,0,0,3,0,6,,3,0.1482,3922,1928,1994,132,84,48,157,83,74,289,167,122,585,298,287,2507,1227,1280,541,236,305,66,16,50,289,874,26464.2,910.0,242,6140.4,232.0,1632.9,61.7,6.17,96.7,32.64,213.1,2133.0,2.85,1.14,5.35,0.8,2.951,13.37,0.0,33.0,23.0,10.0,3.460207612,3.460207612,8.196721311,5.988023952,0.0,0.0,0.0,4.132231405,19.10828025,40.54054054,36.14457831,5.128205128,10.45296167,10.06711409,0.0,0.0,0.0,0.2549719531,0.5015045135,0.5186721992,3.460207612,8.196721311,5.988023952,1.848428835,3.278688525,4.237288136,4.132231405,49.0,9.0,58.0
Quirino 2-C,1,0,0,0,0,0,0,1,,3,0.075,3189,1576,1613,126,81,45,143,72,71,269,153,116,614,343,271,1936,939,997,370,141,229,62,20,42,269,883,42520.0,691.0,190,9213.3,216.7,2533.3,59.6,5.96,97.7,31.26,261.2,2243.0,3.24,1.18,13.42,4.91,3.92,7.94,0.0,45.0,23.0,22.0,3.717472119,3.717472119,8.620689655,6.535947712,0.0,0.0,0.0,0.0,0.0,0.0,0.0,0.0,0.0,0.0,0.0,0.0,0.0,0.0,0.0,0.0,0.0,0.0,0.0,0.0,0.0,0.0,0.0,1.0,0.0,1.0
Quirino 3-A,0,0,1,0,0,4,0,5,,3,0.0565,1056,527,529,39,23,16,32,18,14,71,41,30,143,81,62,748,360,388,94,45,49,8,3,5,71,214,18690.3,262.0,78,4637.2,248.1,1380.5,73.9,7.39,99.6,36.74,195.7,353.0,3.1,1.19,16.67,0.88,2.5,2.63,0.0,11.0,5.0,6.0,0.0,0.0,0.0,0.0,0.0,0.0,0.0,12.82051282,125.0,285.7142857,222.2222222,27.97202797,64.51612903,49.38271605,0.0,0.0,0.0,0.0,0.0,0.0,0.0,0.0,0.0,0.0,0.0,0.0,0.0,0.0,0.0,0.0
Ramon Magsaysay,2,0,2,0,0,5,0,9,,1,0.3425,14321,7019,7302,735,351,384,728,382,346,1463,733,730,2866,1430,1436,8806,4373,4433,1186,483,703,109,26,83,1463,4329,41813.1,2368.0,590,6913.9,165.4,1722.6,41.2,4.12,96.1,30.95,305.7,11139.0,3.04,1.06,13.38,10.35,4.354,8.82,0.19,204.0,86.0,118.0,1.367053999,1.367053999,2.739726027,2.72851296,0.0,0.0,0.0,3.389830508,6.868131868,14.45086705,13.08900524,1.744591766,3.48189415,3.496503497,0.0,0.0,0.0,0.0,0.0,0.0,0.0,0.0,0.0,0.0,0.0,0.0,0.0,52.0,1.0,53.0
Roxas,1,2,2,0,0,9,0,14,,4,0.4536,10665,5181,5484,521,222,299,547,277,270,1068,499,569,2050,1028,1022,6458,3182,3276,1089,472,617,107,36,71,1068,3118,23511.9,2468.0,577,5440.9,231.4,1272.0,54.1,5.41,94.5,30.72,309.9,7594.0,3.26,1.04,25.75,3.83,3.327,8.95,1.29,70.0,41.0,29.0,0.936329588,0.936329588,1.757469244,2.004008016,0.0,0.0,0.0,3.466204506,16.45338208,33.33333333,32.49097473,4.390243902,8.806262231,8.754863813,0.0,0.0,0.0,0.1875293015,0.3646973012,0.3860258637,1.872659176,3.514938489,4.008016032,1.836547291,3.241491086,4.237288136,3.466204506,0.0,0.0,0.0
Sacred Heart,0,0,3,0,0,13,0,16,,4,0.5287,6089,3022,3067,259,138,121,309,173,136,568,311,257,1036,512,524,3814,1911,1903,671,288,383,73,27,46,568,1604,11516.9,1367.0,347,2585.6,224.5,656.3,57.0,5.7,98.5,31.25,284.2,3211.0,2.6,1.03,12.07,1.13,2.663,12.41,1.14,80.0,35.0,45.0,0.0,0.0,0.0,0.0,0.0,0.0,0.0,8.645533141,42.07119741,95.58823529,75.14450867,12.54826255,24.80916031,25.390625,0.0,0.0,0.0,0.0,0.0,0.0,0.0,0.0,0.0,0.0,0.0,0.0,0.0,0.0,0.0,0.0
Salvacion,1,0,0,0,0,2,0,3,,1,0.2107,6681,3268,3413,319,171,148,282,146,136,601,317,284,1119,611,508,4031,1967,2064,930,373,557,101,27,74,601,1720,31708.6,1421.0,271,6744.2,212.7,1286.2,40.6,4.06,95.8,30.89,279.2,4294.0,3.31,1.07,18.5,7.48,4.143,8.67,1.16,51.0,29.0,22.0,1.663893511,1.663893511,3.521126761,3.154574132,0.0,0.0,0.0,0.0,7.092198582,14.70588235,13.69863014,1.787310098,3.937007874,3.273322422,0.0,0.0,0.0,0.0,0.0,0.0,0.0,0.0,0.0,0.0,0.0,0.0,0.0,0.0,0.0,0.0
San Agustin,5,0,1,0,0,13,0,19,,5,1.0089,25336,12592,12744,1616,871,745,1469,792,677,3085,1663,1422,5486,2779,2707,14595,7228,7367,2170,922,1248,171,50,121,3085,8571,25112.5,3989.0,1061,3953.8,157.4,1051.6,41.9,4.19,98.8,29.08,391.1,22276.0,3.76,1.15,18.07,3.1,3.528,5.77,1.9,358.0,156.0,202.0,1.620745543,1.620745543,3.516174402,3.006614552,0.0,0.0,0.0,0.9425070688,8.849557522,19.20236337,16.41414141,2.369668246,4.802364241,4.677941706,0.0,0.0,0.0,0.0,0.0,0.0,0.0,0.0,0.0,0.0,0.0,0.0,0.0,64.0,0.0,64.0
San Antonio,3,2,0,0,1,3,0,9,,1,0.7465,22229,11106,11123,1236,634,602,1250,625,625,2486,1259,1227,4573,2328,2245,13231,6726,6505,1939,793,1146,176,50,126,2486,7059,29777.6,3455.0,811,4628.3,155.4,1086.4,36.5,3.65,99.8,29.26,353.3,18628.0,3.48,1.04,18.09,7.13,3.755,8.81,0.24,363.0,143.0,220.0,1.206757844,1.206757844,2.444987775,2.382843527,0.0,0.0,0.0,0.0,2.4,4.8,4.8,0.6560244916,1.336302895,1.288659794,0.0,0.0,0.0,0.08997255837,0.1798076059,0.1800828381,0.8045052293,1.62999185,1.588562351,1.031459515,1.745200698,2.522068096,2.466091245,0.0,0.0,0.0
San Bartolome,4,2,0,0,0,39,0,45,,5,3.5902,51055,25114,25941,2790,1416,1374,2772,1450,1322,5562,2866,2696,10389,5293,5096,30259,14980,15279,4845,1975,2870,423,122,301,5562,15951,14220.7,8039.0,2119,2239.2,157.5,590.2,41.5,4.15,96.8,29.93,334.3,36416.0,3.78,1.07,17.31,1.36,2.641,7.51,0.33,752.0,352.0,400.0,0.7191657677,0.7191657677,1.483679525,1.395673412,0.0,0.0,0.0,0.0,14.06926407,29.50075643,26.89655172,3.753970546,7.653061224,7.36822218,0.0,0.0,0.0,0.03917344041,0.07709803015,0.07963685594,0.3595828839,0.7418397626,0.6978367062,0.4127966976,0.6968641115,1.012658228,0.9438414346,172.0,1.0,173.0
San Isidro,1,1,0,0,0,0,0,2,,4,0.1201,6550,3232,3318,346,175,171,359,194,165,705,369,336,1231,665,566,4083,1988,2095,531,210,321,47,19,28,705,1936,54537.9,1348.0,291,11224.0,205.8,2423.0,44.4,4.44,97.4,31.98,310.7,3415.0,3.16,1.05,10.91,2.13,3.299,5.55,0.0,6.0,4.0,2.0,1.418439716,1.418439716,2.976190476,2.7100271,0.0,0.0,0.0,0.0,0.0,0.0,0.0,0.0,0.0,0.0,0.0,0.0,0.0,0.1526717557,0.3013863773,0.3094059406,1.418439716,2.976190476,2.7100271,1.883239171,3.115264798,4.761904762,3.436426117,,,
San Isidro Labrador,1,0,0,0,0,3,0,4,,1,0.2519,6243,3031,3212,251,125,126,256,137,119,507,262,245,1089,546,543,3859,1881,1978,788,342,446,86,34,52,507,1596,24783.6,1227.0,237,4871.0,196.5,940.8,38.0,3.8,94.4,31.68,240.0,4765.0,2.73,1.02,16.87,3.33,3.528,15.23,0.0,26.0,17.0,9.0,1.972386588,1.972386588,4.081632653,3.816793893,0.0,0.0,0.0,0.0,11.71875,25.21008403,21.89781022,2.754820937,5.524861878,5.494505495,0.0,0.0,0.0,0.0,0.0,0.0,0.0,0.0,0.0,0.0,0.0,0.0,0.0,0.0,0.0,0.0
San Jose,1,1,1,0,0,3,0,6,,1,0.2822,5844,2859,2985,276,145,131,313,149,164,589,294,295,1199,616,583,3458,1721,1737,598,228,370,59,16,43,589,1788,20708.7,1184.0,234,4195.6,202.6,829.2,40.0,4.0,95.8,29.72,321.0,4039.0,3.37,1.09,27.36,12.76,4.045,14.28,0.42,38.0,22.0,16.0,1.697792869,1.697792869,3.389830508,3.401360544,0.0,0.0,0.0,4.273504274,9.584664537,18.29268293,20.13422819,2.502085071,5.145797599,4.87012987,0.0,0.0,0.0,0.1711156742,0.3350083752,0.3497726478,1.697792869,3.389830508,3.401360544,1.672240803,2.702702703,4.385964912,4.273504274,1.0,0.0,1.0
San Martin de Porres,2,0,0,0,0,2,0,4,,4,0.208,11632,5747,5885,499,271,228,554,281,273,1053,552,501,2091,1073,1018,7576,3733,3843,912,389,523,82,22,60,1053,3144,55923.1,1672.0,503,8038.5,143.7,2418.3,43.2,4.32,97.7,33.04,247.5,7391.0,3.22,1.07,27.93,24.71,4.401,6.7,0.61,52.0,32.0,20.0,1.899335233,1.899335233,3.992015968,3.623188406,0.0,0.0,0.0,0.0,3.610108303,7.326007326,7.117437722,0.956480153,1.964636542,1.863932898,0.0,0.0,0.0,0.0,0.0,0.0,0.0,0.0,0.0,0.0,0.0,0.0,0.0,0.0,0.0,0.0
San Roque,2,3,1,0,0,5,0,11,,3,0.6515,19079,9183,9896,969,506,463,919,449,470,1888,955,933,3411,1650,1761,12018,5887,6131,1762,691,1071,148,39,109,1888,5299,29284.7,2877.0,1051,4416.0,150.8,1613.2,55.1,5.51,92.8,32.13,289.7,9888.0,3.39,1.13,24.79,3.36,3.283,13.49,0.03,93.0,46.0,47.0,1.059322034,1.059322034,2.143622722,2.094240838,0.0,0.0,0.0,0.9514747859,5.440696409,10.63829787,11.13585746,1.465845793,2.839295855,3.03030303,0.0,0.0,0.0,0.1572409455,0.303152789,0.326690624,1.588983051,3.215434084,3.141361257,1.70261067,2.801120448,4.341534009,2.854424358,34.0,7.0,41.0
San Vicente,1,2,0,0,0,1,0,4,,4,0.0938,7160,3556,3604,416,223,193,419,215,204,835,438,397,1501,773,728,4254,2109,2145,570,236,334,62,27,35,835,2336,76332.6,1124.0,283,11982.9,157.0,3017.1,39.5,3.95,98.7,29.96,358.7,6300.0,3.73,1.11,20.33,11.44,4.09,11.77,0.53,201.0,73.0,128.0,1.19760479,1.19760479,2.518891688,2.283105023,0.0,0.0,0.0,0.0,2.386634845,4.901960784,4.651162791,0.6662225183,1.373626374,1.293661061,0.0,0.0,0.0,0.2793296089,0.5549389567,0.5624296963,2.395209581,5.037783375,4.566210046,3.50877193,5.988023952,8.474576271,7.067137809,0.0,0.0,0.0
Sangandaan,4,1,1,0,0,13,0,19,,6,0.9171,21061,10256,10805,985,531,454,1061,536,525,2046,1067,979,3975,2038,1937,12849,6274,6575,2191,877,1314,283,78,205,2046,6021,22964.8,4158.0,1019,4533.9,197.4,1111.1,48.4,4.84,94.9,31.22,292.5,17390.0,3.7,1.07,18.02,10.74,4.151,7.19,0.47,299.0,149.0,150.0,1.955034213,1.955034213,4.085801839,3.748828491,0.0,0.0,0.0,0.9813542689,12.25259189,24.76190476,24.25373134,3.270440252,6.711409396,6.378802748,0.0,0.0,0.0,0.04748112625,0.09254974549,0.09750390016,0.4887585533,1.02145046,0.9372071228,0.456412597,0.7610350076,1.140250855,0.9813542689,3.0,0.0,3.0
Santol,1,0,0,0,0,5,0,6,,4,0.4405,6410,3165,3245,303,148,155,324,173,151,627,321,306,1238,669,569,3872,1893,1979,673,282,391,75,28,47,627,1865,14551.6,1284.0,360,2914.9,200.3,817.3,56.2,5.62,97.5,30.87,295.1,4362.0,3.45,1.06,22.37,1.03,2.217,7.13,0.95,95.0,49.0,46.0,1.594896332,1.594896332,3.267973856,3.115264798,0.0,0.0,0.0,0.0,15.43209877,33.11258278,28.9017341,4.038772213,8.787346221,7.473841555,0.0,0.0,0.0,0.0,0.0,0.0,0.0,0.0,0.0,0.0,0.0,0.0,0.0,62.0,0.0,62.0
Sauyo,7,1,0,0,0,16,0,24,,6,2.7416,76266,38107,38159,4566,2374,2192,4470,2243,2227,9036,4617,4419,16819,8706,8113,45452,22619,22833,4959,2165,2794,343,92,251,9036,25855,27818.1,8197.0,2277,2989.9,107.5,830.5,29.9,2.99,99.9,29.94,353.2,65445.0,3.63,1.04,12.57,3.9,3.733,4.19,0.11,810.0,332.0,478.0,0.7746790615,0.7746790615,1.584068794,1.516136019,0.0,0.0,0.0,0.0,3.579418345,7.184553211,7.133303611,0.9513050716,1.972143473,1.837813003,0.0,0.0,0.0,0.01311200273,0.02620613748,0.02624189781,0.1106684374,0.226295542,0.2165908599,0.2016535592,0.3579098067,0.4618937644,0.4391743522,355.0,6.0,361.0
Sienna,0,0,0,0,0,2,0,2,,1,0.3872,2009,919,1090,50,23,27,57,18,39,107,41,66,280,150,130,1295,583,712,327,145,182,38,13,25,107,387,5188.5,646.0,132,1668.4,321.6,340.9,65.7,6.57,84.3,35.44,148.5,22.0,3.67,1.17,16.67,0.0,2.0,5.56,0.0,6.0,4.0,2.0,0.0,0.0,0.0,0.0,0.0,0.0,0.0,0.0,35.0877193,51.28205128,111.1111111,7.142857143,15.38461538,13.33333333,0.0,0.0,0.0,0.0,0.0,0.0,0.0,0.0,0.0,0.0,0.0,0.0,0.0,29.0,3.0,32.0
Sikatuna Village,0,0,1,0,0,3,0,4,,4,0.4169,6094,2855,3239,232,110,122,223,115,108,455,225,230,858,445,413,3891,1840,2051,890,345,545,140,46,94,455,1313,14617.4,1489.0,367,3571.6,244.3,880.3,60.2,6.02,88.1,33.66,219.6,1860.0,3.57,1.25,11.9,1.34,3.305,3.59,0.19,52.0,30.0,22.0,0.0,0.0,0.0,0.0,0.0,0.0,0.0,2.72479564,13.4529148,27.77777778,26.08695652,3.496503497,7.263922518,6.741573034,0.0,0.0,0.0,0.0,0.0,0.0,0.0,0.0,0.0,0.0,0.0,0.0,0.0,86.0,2.0,88.0
Silangan,1,0,0,0,0,3,0,4,,3,0.2249,4814,2331,2483,189,94,95,189,114,75,378,208,170,783,401,382,3135,1525,1610,518,197,321,50,13,37,378,1161,21405.1,897.0,262,3988.4,186.3,1165.0,54.4,5.44,93.9,33.44,228.8,2114.0,2.85,1.06,17.81,2.83,3.975,13.85,0.13,38.0,19.0,19.0,2.645502646,2.645502646,5.882352941,4.807692308,0.0,0.0,0.0,0.0,15.87301587,40.0,26.31578947,3.831417625,7.853403141,7.481296758,0.0,0.0,0.0,0.0,0.0,0.0,0.0,0.0,0.0,0.0,0.0,0.0,0.0,0.0,0.0,0.0
Socorro,1,1,2,0,0,6,0,10,,3,1.1764,22198,10507,11691,908,450,458,912,445,467,1820,895,925,3242,1654,1588,15019,7098,7921,2117,860,1257,199,56,143,1820,5062,18869.4,4866.0,1430,4136.3,219.2,1215.6,64.4,6.44,89.9,35.68,217.6,10464.0,3.01,1.13,6.96,2.01,3.64,6.51,0.49,383.0,207.0,176.0,0.5494505495,0.5494505495,1.081081081,1.117318436,0.0,0.0,0.0,1.398601399,6.578947368,12.84796574,13.48314607,1.850709439,3.778337531,3.627569528,0.0,0.0,0.0,0.04504910352,0.0855358823,0.09517464547,0.5494505495,1.081081081,1.117318436,0.4723665564,0.7955449483,1.162790698,0.6993006993,1.0,0.0,1.0
South Triangle,1,0,10,1,0,1,0,13,,4,1.1251,14451,7095,7356,570,336,234,621,339,282,1191,675,516,2148,1095,1053,9827,4802,5025,1285,523,762,98,21,77,1191,3339,12844.2,2262.0,864,2010.5,156.5,767.9,59.8,5.98,96.5,34.77,233.7,6542.0,2.14,1.01,6.92,1.02,3.19,6.94,0.1,104.0,51.0,53.0,0.8396305626,0.8396305626,1.937984496,1.481481481,0.7782101167,1.312335958,1.912045889,11.57407407,1.610305958,3.546099291,2.949852507,0.4655493482,0.9496676163,0.9132420091,10.20408163,12.98701299,47.61904762,0.0,0.0,0.0,0.0,0.0,0.0,0.0,0.0,0.0,0.0,8.0,0.0,8.0
St. Ignatius,0,0,0,0,0,0,0,0,,3,0.2582,2054,893,1161,58,27,31,71,38,33,129,65,64,244,124,120,1330,555,775,351,149,202,69,29,40,129,373,7955.1,434.0,115,1680.9,211.3,445.4,56.0,5.6,76.9,37.73,168.6,540.0,3.8,1.41,9.86,0.0,2.676,3.76,0.7,6.0,3.0,3.0,0.0,0.0,0.0,0.0,0.0,0.0,0.0,0.0,0.0,0.0,0.0,0.0,0.0,0.0,0.0,0.0,0.0,0.0,0.0,0.0,0.0,0.0,0.0,0.0,0.0,0.0,0.0,117.0,6.0,123.0
St. Peter,0,0,0,0,0,0,0,0,,1,0.2695,4049,1887,2162,139,67,72,152,71,81,291,138,153,589,310,279,2639,1221,1418,530,218,312,75,22,53,291,880,15024.1,911.0,204,3380.3,225.0,757.0,50.4,5.04,87.3,35.02,205.1,163.0,3.54,1.2,8.7,0.0,2.8,13.77,0.0,15.0,11.0,4.0,0.0,0.0,0.0,0.0,0.0,0.0,0.0,0.0,0.0,0.0,0.0,0.0,0.0,0.0,0.0,0.0,0.0,0.0,0.0,0.0,0.0,0.0,0.0,0.0,0.0,0.0,0.0,0.0,0.0,0.0
Sta. Cruz,1,0,0,0,0,2,0,3,,1,0.4419,3945,1954,1991,181,98,83,197,112,85,378,210,168,695,378,317,2478,1206,1272,394,160,234,49,15,34,378,1073,8927.4,690.0,202,1561.4,174.9,457.1,51.2,5.12,98.1,32.24,283.1,2568.0,2.88,1.01,5.61,3.36,4.089,12.67,0.11,17.0,8.0,9.0,2.645502646,2.645502646,5.952380952,4.761904762,0.0,0.0,0.0,0.0,10.15228426,23.52941176,17.85714286,2.877697842,6.309148265,5.291005291,0.0,0.0,0.0,0.0,0.0,0.0,0.0,0.0,0.0,0.0,0.0,0.0,0.0,16.0,1.0,17.0
Sta. Lucia,5,4,0,0,0,10,0,19,,5,0.6466,28215,14319,13896,1829,997,832,1745,928,817,3574,1925,1649,6813,3521,3292,15776,7991,7785,2052,882,1170,157,39,118,3574,10387,43635.9,3572.0,858,5524.3,126.6,1326.9,30.4,3.04,103.0,27.59,412.5,23263.0,3.91,1.08,21.5,5.65,3.459,5.92,0.29,807.0,357.0,450.0,1.398992725,1.398992725,3.032140691,2.597402597,0.0,0.0,0.0,0.0,5.730659026,12.23990208,10.77586207,1.467782181,3.037667072,2.840102244,0.0,0.0,0.0,0.1417685628,0.2878526195,0.2793491166,1.11919418,2.425712553,2.077922078,1.949317739,3.418803419,4.535147392,4.662004662,52.0,2.0,54.0
Sta. Monica,4,0,0,0,1,12,0,17,,5,1.6548,51785,25996,25789,3358,1719,1639,3315,1710,1605,6673,3429,3244,11778,6162,5616,29196,14673,14523,4138,1732,2406,333,90,243,6673,18451,31293.8,6006.0,1399,3629.4,116.0,845.4,27.0,2.7,100.8,28.04,416.7,42556.0,3.79,1.1,22.4,5.25,3.527,7.87,0.61,331.0,134.0,197.0,0.599430541,0.599430541,1.233045623,1.166520852,0.0,0.0,0.0,0.0,3.619909502,7.476635514,7.01754386,1.018848701,2.136752137,1.947419669,0.0,0.0,0.0,0.0,0.0,0.0,0.0,0.0,0.0,0.0,0.0,0.0,0.0,4.0,1.0,5.0
Sta. Teresita,2,1,4,0,0,6,0,13,,1,0.3376,11752,5671,6081,375,185,190,457,247,210,832,432,400,1720,847,873,7986,3882,4104,1214,510,704,130,42,88,832,2552,34810.4,1581.0,410,4683.1,134.5,1214.5,34.9,3.49,93.3,34.92,188.9,2791.0,3.11,1.14,10.59,1.34,3.044,12.3,0.33,81.0,50.0,31.0,2.403846154,2.403846154,5.0,4.62962963,0.0,0.0,0.0,9.756097561,13.12910284,28.57142857,24.29149798,3.488372093,6.872852234,7.083825266,0.0,0.0,0.0,0.08509189925,0.1644466371,0.1763357433,1.201923077,2.5,2.314814815,0.823723229,1.420454545,1.960784314,2.43902439,0.0,0.0,0.0
Sto. Cristo,2,0,2,0,0,5,0,9,,1,0.5504,25697,12574,13123,1265,651,614,1233,615,618,2498,1266,1232,4527,2357,2170,16312,8005,8307,2360,946,1414,217,62,155,2498,7025,46687.9,2614.0,725,4749.3,101.7,1317.2,28.2,2.82,95.8,32.33,285.7,11928.0,2.05,1.02,2.93,1.63,4.113,1.68,0.02,358.0,205.0,153.0,0.8006405124,0.8006405124,1.623376623,1.579778831,0.0,0.0,0.0,2.75862069,4.055150041,8.090614887,8.130081301,1.104484206,2.304147465,2.121340687,0.0,0.0,0.0,0.0,0.0,0.0,0.0,0.0,0.0,0.0,0.0,0.0,0.0,1.0,0.0,1.0
Sto. Domingo (Matalahib),1,0,3,0,0,15,0,19,,1,0.9075,11353,5676,5677,651,354,297,640,318,322,1291,672,619,2424,1236,1188,6713,3380,3333,925,388,537,109,37,72,1291,3715,12510.2,1684.0,390,1855.6,148.3,429.8,34.4,3.44,100.0,29.36,355.1,6694.0,3.24,1.06,29.17,2.96,2.799,11.49,0.29,,,,0.7745933385,0.7745933385,1.615508885,1.488095238,0.0,0.0,0.0,7.692307692,23.4375,46.58385093,47.16981132,6.188118812,12.62626263,12.13592233,0.0,0.0,0.0,0.0,0.0,0.0,0.0,0.0,0.0,0.0,0.0,0.0,0.0,62.0,1.0,63.0
Sto. Niño,1,0,0,0,0,0,0,1,,4,0.1981,7070,3562,3508,350,176,174,338,159,179,688,335,353,1273,681,592,4391,2258,2133,718,288,430,67,16,51,688,1961,35689.0,1623.0,338,8192.8,229.6,1706.2,47.8,4.78,101.5,30.17,322.6,3909.0,3.5,1.05,20.14,2.69,3.197,12.2,0.18,40.0,18.0,22.0,1.453488372,1.453488372,2.83286119,2.985074627,0.0,0.0,0.0,0.0,0.0,0.0,0.0,0.0,0.0,0.0,0.0,0.0,0.0,0.0,0.0,0.0,0.0,0.0,0.0,0.0,0.0,0.0,0.0,24.0,0.0,24.0
Tagumpay,1,0,1,0,0,0,0,2,,3,0.0964,2257,1114,1143,144,76,68,129,65,64,273,141,132,531,270,261,1283,642,641,170,61,109,19,4,15,273,804,23412.9,453.0,157,4699.2,200.7,1628.6,69.6,6.96,97.5,28.4,382.4,1912.0,3.38,1.14,45.23,2.3,2.268,7.18,0.18,50.0,15.0,35.0,3.663003663,3.663003663,7.575757576,7.092198582,0.0,0.0,0.0,6.369426752,0.0,0.0,0.0,0.0,0.0,0.0,0.0,0.0,0.0,0.0,0.0,0.0,0.0,0.0,0.0,0.0,0.0,0.0,0.0,0.0,0.0,0.0
Talayan,1,0,0,0,0,2,0,3,,1,0.4939,4402,2267,2135,265,158,107,258,134,124,523,292,231,876,462,414,2579,1337,1242,424,176,248,48,13,35,523,1399,8912.7,687.0,131,1391.0,156.1,265.2,29.8,2.98,106.2,28.21,374.1,3419.0,3.74,1.18,15.96,2.19,3.561,18.19,0.44,43.0,21.0,22.0,1.912045889,1.912045889,4.329004329,3.424657534,0.0,0.0,0.0,0.0,7.751937984,16.12903226,14.92537313,2.283105023,4.830917874,4.329004329,0.0,0.0,0.0,0.0,0.0,0.0,0.0,0.0,0.0,0.0,0.0,0.0,0.0,0.0,0.0,0.0
Talipapa,6,1,2,0,0,15,0,24,,6,1.7303,38921,19180,19741,2058,1000,1058,2114,1057,1057,4172,2057,2115,7651,4015,3636,23774,11759,12015,3324,1349,1975,267,70,197,4172,11823,22493.8,5055.0,1418,2921.5,129.9,819.5,36.4,3.64,97.2,30.87,316.1,23749.0,3.56,1.15,18.1,2.72,3.524,4.1,0.27,283.0,148.0,135.0,1.438159156,1.438159156,2.836879433,2.916869227,0.0,0.0,0.0,1.410437236,7.095553453,14.19110691,14.19110691,1.960528036,4.125412541,3.735990037,0.0,0.0,0.0,0.02569307058,0.05065599514,0.05213764338,0.2396931927,0.4728132388,0.4861448712,0.3008423586,0.5063291139,0.7412898443,0.7052186178,32.0,7.0,39.0
Tandang Sora,5,3,4,0,1,36,0,49,,6,3.9682,83097,41015,42082,4644,2454,2190,4476,2313,2163,9120,4767,4353,16320,8446,7874,49884,24497,25387,7773,3305,4468,689,212,477,9120,25440,20940.7,11604.0,2876,2924.2,139.6,724.8,34.6,3.46,97.5,30.55,332.9,53214.0,2.98,1.05,19.25,3.23,3.113,4.06,0.15,1005.0,438.0,567.0,0.548245614,0.548245614,1.148633127,1.048877701,0.0,0.0,0.0,1.390820584,8.042895442,16.64355062,15.56420233,2.205882353,4.572009144,4.262372721,0.0,0.0,0.0,0.03610238637,0.07128938739,0.07314397172,0.3289473684,0.6891798759,0.6293266205,0.3859513701,0.6714413608,0.9077155825,1.043115438,58.0,2.0,60.0
Tatalon,2,1,1,0,0,20,0,24,,4,0.9202,55380,27986,27394,3603,1893,1710,3700,1876,1824,7303,3769,3534,12994,6709,6285,31663,16068,15595,3420,1440,1980,226,62,164,7303,20297,60182.6,6498.0,1625,7061.5,117.3,1765.9,29.3,2.93,102.2,28.16,419.5,44256.0,3.42,1.05,40.37,9.37,3.589,17.8,0.35,672.0,270.0,402.0,0.2738600575,0.2738600575,0.5659309564,0.5306447334,0.0,0.0,0.0,0.6153846154,5.405405405,10.96491228,10.66098081,1.539171926,3.182179793,2.981070204,0.0,0.0,0.0,0.01805706031,0.03650434402,0.03573215179,0.1369300288,0.2829654782,0.2653223667,0.2923976608,0.5050505051,0.6944444444,0.6153846154,1.0,0.0,1.0
Teachers Village East,0,0,1,0,0,4,0,5,,4,0.2183,2401,1066,1335,53,18,35,68,30,38,121,48,73,287,144,143,1632,735,897,361,139,222,61,13,48,121,408,10998.6,709.0,231,3247.8,295.3,1058.2,96.2,9.62,79.9,37.36,140.7,512.0,3.35,1.48,9.8,0.65,3.097,4.14,0.0,18.0,10.0,8.0,0.0,0.0,0.0,0.0,0.0,0.0,0.0,4.329004329,58.82352941,105.2631579,133.3333333,13.93728223,27.97202797,27.77777778,0.0,0.0,0.0,0.0,0.0,0.0,0.0,0.0,0.0,0.0,0.0,0.0,0.0,0.0,0.0,0.0
Teachers Village West,0,0,0,0,0,0,0,0,,4,0.2346,2984,1390,1594,96,58,38,105,51,54,201,109,92,471,254,217,1820,849,971,492,178,314,79,16,63,201,672,12719.5,944.0,238,4023.9,316.4,1014.5,79.8,7.98,87.2,32.54,207.6,781.0,3.32,1.33,9.79,0.43,2.556,2.43,0.0,16.0,11.0,5.0,0.0,0.0,0.0,0.0,0.0,0.0,0.0,0.0,0.0,0.0,0.0,0.0,0.0,0.0,0.0,0.0,0.0,0.0,0.0,0.0,0.0,0.0,0.0,0.0,0.0,0.0,0.0,0.0,0.0,0.0
U. P. Campus,5,0,0,0,0,0,0,5,,4,4.5256,47122,23857,23265,3182,1674,1508,3036,1546,1490,6218,3220,2998,11034,5709,5325,26840,13647,13193,3030,1281,1749,218,56,162,6218,17252,10412.3,4008.0,1110,885.6,85.1,245.3,23.6,2.36,102.5,28.0,422.0,43036.0,3.91,1.2,41.17,5.76,3.2,22.32,3.62,232.0,83.0,149.0,0.8041170794,0.8041170794,1.667778519,1.552795031,0.0,0.0,0.0,0.0,0.0,0.0,0.0,0.0,0.0,0.0,0.0,0.0,0.0,0.0,0.0,0.0,0.0,0.0,0.0,0.0,0.0,0.0,0.0,38.0,0.0,38.0
U. P. Village,1,0,1,0,0,11,0,13,,4,0.3748,3167,1479,1688,88,36,52,83,35,48,171,71,100,407,204,203,2050,983,1067,539,221,318,105,27,78,171,578,8449.8,1029.0,233,2745.5,324.9,621.7,73.6,7.36,87.6,33.69,162.9,2247.0,3.62,1.33,5.65,2.26,3.853,3.6,0.0,21.0,11.0,10.0,5.847953216,5.847953216,10.0,14.08450704,0.0,0.0,0.0,4.291845494,132.5301205,229.1666667,314.2857143,27.02702703,54.18719212,53.92156863,0.0,0.0,0.0,0.0,0.0,0.0,0.0,0.0,0.0,0.0,0.0,0.0,0.0,39.0,2.0,41.0
Ugong Norte,0,0,1,0,0,4,0,5,,3,2.7396,6301,2916,3385,525,243,282,394,205,189,919,448,471,889,450,439,3531,1590,1941,962,428,534,117,49,68,919,1808,2300.0,1324.0,317,483.3,210.1,115.7,50.3,5.03,86.1,30.8,520.9,552.0,4.45,2.3,10.48,2.42,3.798,9.68,0.0,,,,0.0,0.0,0.0,0.0,0.0,0.0,0.0,3.154574132,10.15228426,21.16402116,19.51219512,4.49943757,9.111617312,8.888888889,0.0,0.0,0.0,0.0,0.0,0.0,0.0,0.0,0.0,0.0,0.0,0.0,0.0,0.0,0.0,0.0
Unang Sigaw,1,0,0,0,0,1,0,2,,6,0.2139,6508,3396,3112,492,253,239,485,260,225,977,513,464,1615,847,768,3572,1882,1690,344,154,190,24,3,21,977,2592,30425.4,629.0,177,2940.6,96.7,827.5,27.2,2.72,109.1,25.97,514.9,4499.0,3.8,1.19,39.48,6.26,3.487,14.37,0.93,151.0,49.0,102.0,1.023541453,1.023541453,2.155172414,1.949317739,0.0,0.0,0.0,0.0,2.06185567,4.444444444,3.846153846,0.6191950464,1.302083333,1.180637544,0.0,0.0,0.0,0.0,0.0,0.0,0.0,0.0,0.0,0.0,0.0,0.0,0.0,3.0,0.0,3.0
Valencia,0,0,1,0,0,0,0,1,,4,0.4296,10877,5182,5695,535,261,274,483,231,252,1018,492,526,1659,908,751,7020,3366,3654,1180,416,764,117,34,83,1018,2677,25318.9,1388.0,530,3230.9,127.6,1233.7,48.7,4.87,91.0,33.59,273.6,1616.0,3.67,1.21,16.14,2.27,3.34,13.06,0.0,41.0,23.0,18.0,0.0,0.0,0.0,0.0,0.0,0.0,0.0,1.886792453,0.0,0.0,0.0,0.0,0.0,0.0,0.0,0.0,0.0,0.0,0.0,0.0,0.0,0.0,0.0,0.0,0.0,0.0,0.0,0.0,0.0,0.0
Vasra,2,0,1,0,0,3,0,6,,1,0.5406,7334,3690,3644,514,263,251,408,209,199,922,472,450,1515,787,728,4459,2235,2224,438,196,242,28,7,21,922,2437,13566.4,1341.0,352,2480.6,182.8,651.1,48.0,4.8,101.3,30.32,382.1,4471.0,3.43,1.08,11.73,2.91,3.578,14.38,0.38,205.0,83.0,122.0,2.169197397,2.169197397,4.444444444,4.237288136,0.0,0.0,0.0,2.840909091,7.352941176,15.07537688,14.35406699,1.98019802,4.120879121,3.811944091,0.0,0.0,0.0,0.0,0.0,0.0,0.0,0.0,0.0,0.0,0.0,0.0,0.0,0.0,0.0,0.0
Veterans Village,1,1,0,0,0,12,0,14,,1,0.5206,12693,6006,6687,461,226,235,513,281,232,974,507,467,2028,1013,1015,8209,3887,4322,1482,599,883,174,52,122,974,3002,24381.5,2392.0,646,4594.7,188.5,1240.9,50.9,5.09,89.8,34.05,225.0,4630.0,2.81,1.01,14.35,1.88,3.075,0.57,0.06,167.0,75.0,92.0,1.026694045,1.026694045,2.141327623,1.972386588,0.0,0.0,0.0,0.0,23.39181287,51.72413793,42.70462633,5.917159763,11.8226601,11.84600197,0.0,0.0,0.0,0.0787835815,0.1495438911,0.1665001665,1.026694045,2.141327623,1.972386588,0.6747638327,1.132502831,1.669449082,1.547987616,0.0,0.0,0.0
Villa Maria Clara,1,0,0,0,0,3,0,4,,3,0.0841,2405,1125,1280,110,43,67,89,46,43,199,89,110,429,220,209,1415,670,745,362,146,216,55,21,34,199,628,28596.9,629.0,143,7479.2,261.5,1700.4,59.5,5.95,87.9,30.98,252.3,1414.0,3.4,1.36,59.62,3.12,2.063,2.24,0.0,14.0,6.0,8.0,5.025125628,5.025125628,9.090909091,11.23595506,0.0,0.0,0.0,0.0,33.70786517,69.76744186,65.2173913,6.993006993,14.35406699,13.63636364,0.0,0.0,0.0,0.0,0.0,0.0,0.0,0.0,0.0,0.0,0.0,0.0,0.0,18.0,0.0,18.0
West Kamias,1,0,1,0,0,3,0,5,,3,0.1805,4044,1997,2047,165,101,64,166,82,84,331,183,148,634,316,318,2620,1309,1311,459,189,270,69,19,50,331,965,22404.4,847.0,266,4692.5,209.4,1473.7,65.8,6.58,97.6,32.42,241.0,2218.0,2.83,1.07,6.51,1.15,3.045,12.49,0.0,14.0,6.0,8.0,3.021148036,3.021148036,6.756756757,5.464480874,0.0,0.0,0.0,3.759398496,18.07228916,35.71428571,36.58536585,4.731861199,9.433962264,9.493670886,0.0,0.0,0.0,0.0,0.0,0.0,0.0,0.0,0.0,0.0,0.0,0.0,0.0,0.0,1.0,1.0
West Triangle,0,0,1,0,0,0,0,1,,1,0.6752,2416,1086,1330,59,18,41,84,41,43,143,59,84,269,145,124,1597,700,897,407,182,225,85,30,55,143,412,3578.2,862.0,240,1276.7,356.8,355.5,99.3,9.93,81.7,37.13,158.2,1014.0,2.7,1.11,1.87,1.33,4.4,0.18,0.0,10.0,7.0,3.0,0.0,0.0,0.0,0.0,0.0,0.0,0.0,4.166666667,0.0,0.0,0.0,0.0,0.0,0.0,0.0,0.0,0.0,0.0,0.0,0.0,0.0,0.0,0.0,0.0,0.0,0.0,0.0,0.0,0.0,0.0
White Plains,0,0,0,0,0,3,0,3,,3,0.5576,3558,1493,2065,74,39,35,73,43,30,147,82,65,355,173,182,2481,1012,1469,575,226,349,117,43,74,147,502,6380.9,792.0,185,1420.4,222.6,331.8,52.0,5.2,72.3,41.29,100.6,310.0,3.78,2.28,4.88,0.0,1.5,0.81,0.0,,,,0.0,0.0,0.0,0.0,0.0,0.0,0.0,0.0,41.09589041,100.0,69.76744186,8.450704225,16.48351648,17.34104046,0.0,0.0,0.0,0.0,0.0,0.0,0.0,0.0,0.0,0.0,0.0,0.0,0.0,458.0,166.0,624.0
