barangay_id,barangay,total_polygons,C-1 MINOR COMMERCIAL ZONE,C-2 MAJOR COMMERCIAL ZONE,C-3 METROPOLITAN COMMERCIAL ZONE,CEMETERY,HISTORICAL SPOT AND SHRINE,I-1 LIGHT INTENSITY INDUSTRIAL ZONE,I-2 MEDIUM INTENSITY INDUSTRIAL ZONE,INSTITUTIONAL,PARKS AND OPEN SPACE,R-1 LOW DENSITY RESIDENTIAL ZONE,R-1-A LOW DENSITY RESIDENTIAL SUB-ZONE,R-2 MEDIUM DENSITY RESIDENTIAL ZONE,R-2-A MEDIUM DENSITY RESIDENTIAL SUB-ZONE,R-3 HIGH DENSITY RESIDENTIAL ZONE,ROAD,SOCIALIZED HOUSING,SPECIAL URBAN DEVELOPMENT ZONE,UTILITY,WATER,X
1,Alicia,46,2,,,,,,,2,,,,,,20,18,,,,1,3
2,Amihan,72,7,,,,,,,1,,,,4,,28,25,,,,7,
3,Apolonio Samson,188,,,,,,31,55,2,,,,,,2,57,,11,24,6,
4,Baesa,341,,,,1,,,93,1,,,,,,113,105,,,25,2,1
5,Bagbag,577,14,,,17,,,43,,,,,,201,93,184,,,10,15,
6,Bagong Pag-asa,134,12,13,,,,,,2,,,,,,51,49,,5,,2,
7,Bagong Silangan,660,,,,,,,,9,,,,201,,2,303,95,10,,36,4
8,Bagumbayan,115,,1,13,,,,18,3,,13,,,,,39,7,,,21,
9,Bagumbuhay,98,11,4,,,,,,5,,,,,,38,27,,,,13,
10,Bahay Toro,588,67,72,,,1,,11,8,,,,200,,1,192,7,,,26,3
11,Balingasa,96,,,,,,,24,2,4,,,,,,36,,23,,7,
12,Balong-bato,85,,,,,,,2,1,,,,,,2,34,,44,,2,
13,Batasan Hills,925,19,11,1,,,,,18,,,,311,,22,494,29,,8,10,2
14,Bayanihan,13,5,,,,,,,1,,,,,,,6,,,,1,
15,Bagong Lipunan ng Crame,139,14,21,,,,,,5,,,,17,,25,50,,,,5,2
16,Blue Ridge A,27,4,,,,,,,,,10,,,,,12,1,,,,
17,Blue Ridge B,26,,,,,,,,1,,,14,,,,9,,,,2,
18,Botocan,16,,1,,,,,,,,,,6,,,3,,1,5,,
19,Bungad,87,,15,,,,16,,2,,,,,,9,41,,,,4,
20,Camp Aguinaldo,10,,,,,,,,4,,,,,,,6,,,,,
21,Capri,135,,,,,,,,,,,,,,,53,76,,,6,
22,Central,116,5,14,,,,,,2,24,,,2,,17,45,,4,,3,
23,Commonwealth,681,3,30,,,,,,2,,,29,19,79,106,300,52,24,5,32,
24,Culiat,700,5,82,,,,,,6,,37,20,320,,,188,,,1,41,
25,Damar,48,,,,,,,,,,,,36,,,12,,,,,
26,Damayan,86,,13,,,,,,1,,,,,,28,38,,,,6,
27,Damayang Lagi,129,,4,,,,,,4,,,48,27,,,36,,,,10,
28,Del Monte,93,2,6,,,,7,,5,,,,,,32,36,,,,5,
29,Dioquino Zobel,12,3,,,,,,,,,,,,,4,5,,,,,
30,Don Manuel,54,,7,,,,,,,,,,,,22,25,,,,,
31,Doña Aurora,56,,8,,,,,,2,,,,,,22,24,,,,,
32,Doña Imelda,100,,35,1,,,,,,,,,22,,,31,,,6,5,
33,Doña Josefa,46,3,11,,,,,,1,,,,,,10,14,,7,,,
34,Duyan-duyan,46,6,4,,,,,,1,,,,,,14,17,,,,4,
35,E. Rodriguez,146,,67,,,,,,3,,,,,,7,48,,,14,7,
36,East Kamias,91,,23,,,,,,,,,,,,27,28,,,9,4,
37,Escopa 1,11,,,,,,,,,,,,,,,6,5,,,,
38,Escopa 2,50,,,,,,,,,,,,,,,27,23,,,,
39,Escopa 3,38,,,,,,,,2,,,,,,1,15,20,,,,
40,Escopa 4,38,,,,,,,,,,,,,,,21,17,,,,
41,Fairview,535,62,21,,,,,,8,,,,,227,10,186,,,13,8,
42,Greater Lagro,596,4,42,24,,,,,2,,,,109,155,5,246,,,,9,
43,Gulod,277,,22,3,,,,1,,,,,,,130,97,,,,24,
44,Holy Spirit,512,29,14,,,,,,3,,,47,30,29,108,232,,,3,17,
45,Horseshoe,65,2,2,,,,,,,,,,33,,,17,1,,2,8,
46,Immaculate Concepcion,151,,66,,,,,,9,,,,16,,,46,,,9,5,
47,Kaligayahan,750,22,49,7,,,,,,,,,59,107,236,265,,,,5,
48,Kalusugan,72,,5,,,,,,10,,,,29,,,24,,,,4,
49,Kamuning,154,,51,,,,,,7,,,,,1,27,50,,2,6,10,
50,Katipunan,35,,5,,,,4,,,,,,,,10,8,,,,7,1
51,Kaunlaran,94,,47,1,,,,,2,,,,8,,,26,,,6,4,
52,Kristong Hari,67,,11,,,,,,1,,,,10,,,23,,5,,17,
53,Krus na Ligas,41,,,,,,,,17,,,,1,,,20,,,3,,
54,Laging Handa,127,,28,,,,,,1,,,,,32,,53,,13,,,
55,Libis,93,,,,,,,10,3,,,,,,,12,44,,,24,
56,Lourdes,92,15,10,,,,,,2,,,,,28,,29,,8,,,
57,Loyola Heights,274,,30,,,,,,15,,8,13,54,,20,107,,,8,19,
58,Maharlika,118,16,19,,,,,,3,,,,,27,,51,,,2,,
59,Malaya,41,7,7,,,,,,,,,,8,,,17,,,2,,
60,Mangga,27,5,5,,,,,,3,,,,,,4,4,,,,6,
61,Manresa,151,1,16,,,,,32,1,,,,,,19,61,3,14,,4,
62,Mariana,169,,20,,,,,,7,,49,,15,,,75,,,,3,
63,Mariblo,46,,2,,,,,,,,,,,,21,21,,,,2,
64,Marilag,145,30,9,,,,,,4,,,,,,47,55,,,,,
65,Masagana,31,,,,,,,,,,,,,,14,15,,,,2,
66,Masambong,110,10,3,,,,10,3,2,,,,,,36,39,,,,7,
67,Matandang Balara,373,9,21,3,,,,,2,,24,,35,,81,161,,,13,24,
68,Milagrosa,74,9,10,,,,,,2,,,,,,23,27,,,,3,
69,Nagkaisang Nayon,641,,13,,,,,162,,,,,18,,190,224,15,,,19,
70,Nayong Kanluran,43,2,7,,,,,,,,,,9,,,15,,,,10,
71,New Era,103,6,14,,,,,,23,,,,29,,,29,,,,2,
72,North Fairview,494,10,33,,,,,,,,,,35,93,109,196,,,,18,
73,Novaliches Proper,247,6,15,20,1,,,16,,,,,,,98,73,,,,18,
74,N. S. Amoranto (Gintong Silahis),71,5,22,,,,,,2,,,,,,19,23,,,,,
75,Obrero,82,9,5,,,,,,1,,,,,26,1,24,,4,3,9,
76,Old Capitol Site,26,2,,,,,,,3,,,,,,,11,5,1,,4,
77,Paang Bundok,48,,18,,,,,,1,,,,,,16,13,,,,,
78,Pag-ibig sa Nayon,46,,,,,,,28,,,,,,,,18,,,,,
79,Paligsahan,166,6,68,,,,,,5,,,,,25,,62,,,,,
80,Paltok,173,19,12,,,,6,,,,,,7,,58,63,,,,8,
81,Pansol,215,,1,,,,,,3,,79,,1,,1,100,3,,9,18,
82,Paraiso,47,3,10,,,,,,,,,,,,17,16,,,,1,
83,Pasong Putik Proper,348,,27,15,,,,,,,,,114,,57,131,,,,4,
84,Pasong Tamo,957,11,67,,3,,,,4,,25,,69,,178,353,,212,11,24,
85,Payatas,415,,,,,,,,1,,,,34,2,,205,89,63,,21,
86,Phil-Am,88,,12,,,,,,,,33,,,,,32,,,,11,
87,Pinagkaisahan,76,,20,,,,,,8,,,,,,16,31,,,,1,
88,Pinyahan,158,20,13,,,,,,7,,,,,,33,71,,8,3,3,
89,Project 6,234,,6,,,,,,15,,,,,,93,108,,2,,10,
90,Quirino 2-A,59,,9,,,,,,,,,,,,19,19,,,7,5,
91,Quirino 2-B,44,,8,,,,,,1,,,,,,13,18,,,3,1,
92,Quirino 2-C,29,,,,,,,,,,,,,,13,14,,,1,1,
93,Quirino 3-A,24,3,7,,,,,,2,,,,,,2,9,,,,1,
94,Claro (Quirino 3-B),36,,2,,,,,,,,,,,,14,15,,,,5,
95,Ramon Magsaysay,134,11,28,,,,,,3,,,,,,30,53,,,,5,4
96,Roxas,139,9,2,,,,,,1,,,,,,61,47,,,4,15,
97,Sacred Heart,120,9,18,,,,,,3,,,,,25,,45,,13,7,,
98,Salvacion,96,5,15,,,,,,,,,,,,38,38,,,,,
99,San Agustin,312,34,,11,,,,,,,,,,42,126,97,,,,2,
100,San Antonio,143,,7,,,,16,,,,,,,,66,41,7,,,6,
101,San Bartolome,728,15,,4,6,,,110,,,,,,197,142,240,,,1,13,
102,San Isidro,64,,,,,,,,3,,,,,,27,34,,,,,
103,San Isidro Labrador,62,12,,,,,,,,,,,,,31,19,,,,,
104,San Jose,68,2,12,,,,,,1,,,,,,29,24,,,,,
105,San Martin de Porres,81,,19,,,,,,2,,,,,,,34,26,,,,
106,San Roque,137,23,19,,,,,,1,,,,,,34,59,,,,1,
107,San Vicente,21,,,,,,,,2,,,,,,4,6,6,,,3,
108,Sangandaan,174,4,,,,,,6,1,,,,6,,78,52,,,9,18,
109,Santol,57,,16,,,,,,2,,,,,,18,20,,,1,,
110,Sauyo,1053,2,8,,,,,43,,,,,,9,551,376,,,24,40,
111,Sienna,88,4,19,,,,,,1,,,,,20,,39,,4,,1,
112,Sikatuna Village,89,8,3,,,,,,1,,,,33,,,33,,9,2,,
113,Silangan,57,,21,,,,,,,,,,,,9,20,,,1,6,
114,Socorro,179,48,21,28,,,,,1,,,,,,27,54,,,,,
115,South Triangle,119,,57,,,,,,,,,,,,,43,,10,7,2,
116,St. Ignatius,58,5,1,,,,,,,,23,,,,,29,,,,,
117,St. Peter,75,,9,,,,,,,,,,,21,,37,,8,,,
118,Sta. Cruz,71,,14,,,,,,1,,,,16,,4,24,,,,12,
119,Sta. Lucia,310,,,,,,,,,,,,,,176,99,,,,35,
120,Sta. Monica,592,,19,24,,,,,,,,,118,6,165,220,,,,40,
121,Sta. Teresita,74,27,12,,,,,,,,,,,8,22,5,,,,,
122,Sto. Cristo,77,8,,4,,,,,4,,,,,,30,30,,,,1,
123,Sto. Domingo (Matalahib),155,13,39,,,,,,1,,,,,25,2,50,5,14,,6,
124,Sto. Niño,75,,,,,,,,,,,,,,42,32,,,1,,
125,Tagumpay,31,5,4,,,,,,,,,,,,6,7,,,,9,
126,Talayan,77,,10,,,,,,,,,27,,,,22,,,,18,
127,Talipapa,453,,47,,,,,44,,,,,2,90,95,151,,,4,20,
128,Tandang Sora,1478,14,126,,,,,,15,,,,217,2,543,466,,,,95,
129,Tatalon,304,2,44,,,,,,1,,,,,,38,119,79,9,6,6,
130,Teachers Village East,49,2,,,,,,,,,,,15,,,22,,10,,,
131,Teachers Village West,54,,1,,,,,,,,,,21,,,27,,5,,,
132,Ugong Norte,184,,4,2,,,,4,5,,80,,,,,87,,,,2,
133,Unang Sigaw,32,,,,,,,,2,4,,,,,,7,,15,,3,1
134,U. P. Campus,91,3,,,,,,,24,1,,,1,,5,33,,3,7,14,
135,U. P. Village,80,,,,,,,,2,,,,25,,,35,1,17,,,
136,Valencia,67,2,19,,,,,,1,,,,13,,,22,,,5,5,
137,Vasra,85,,24,,,,,,5,,,,,,14,29,,,,12,1
138,Veterans Village,194,,34,,,,,,2,,,,,,82,73,,,,3,
139,Villa Maria Clara,21,5,,,,,,,,,,,,,7,8,,,,1,
140,West Kamias,43,,12,,,,,,1,,,,,,12,16,,,,2,
141,West Triangle,92,10,14,,,,,,3,,,33,,,,20,,,,12,
142,White Plains,76,,1,,,,,,5,,29,,,,,35,,6,,,
151,QMC,34,,,,,,,,,24,,,,,,10,,,,,
152,Reservoir,0,,,,,,,,,,,,,,,,,,,,
